iteration,selected_trade_count,weighted_net_sum,win_rate,max_drawdown
0,11,0.03868819676777462,0.7272727272727273,-0.017496873526357825
1,11,0.06963440552469995,0.6363636363636364,-0.0066893263825601994
2,11,0.0490662175392425,0.9090909090909091,-0.0054315717317438
3,11,0.009627450567195502,0.6363636363636364,-0.011939078545323199
4,11,0.06394110094654284,0.7272727272727273,0.0
5,11,0.025116374684585926,0.6363636363636364,-0.000319247997574451
6,11,0.01305157693618915,0.7272727272727273,-0.0065075068135794
7,11,0.03441388345080707,0.7272727272727273,-0.006468980709473425
8,11,0.04435320542875029,0.45454545454545453,-0.0065075068135794
9,11,0.051734718739808505,0.7272727272727273,-0.0070757732480668
10,11,0.08723765794164207,0.8181818181818182,0.0
11,11,0.040579986236841246,0.5454545454545454,-0.0054315717317438
12,11,0.0428608060239129,0.6363636363636364,-0.0065075068135794
13,11,0.01608068900166042,0.5454545454545454,-0.011900552441217224
14,11,0.014492321866187952,0.5454545454545454,-0.0177172191994446
15,11,0.03666743181367222,0.6363636363636364,-0.005393045627637825
16,11,0.055770683456849525,0.5454545454545454,-0.005393045627637825
17,11,0.036146368051972,0.7272727272727273,-0.000100839201369
18,11,0.03394166935569598,0.6363636363636364,-0.024004380339937223
19,11,0.013673495291704875,0.6363636363636364,-0.005393045627637825
20,11,0.055765687095141604,0.7272727272727273,-0.0175353996304638
21,11,0.045665921713514676,0.5454545454545454,-0.0032874994277954
22,11,0.0668439069823781,0.7272727272727273,-0.0065075068135794
23,11,0.033932374076019546,0.5454545454545454,-0.003788273820271401
24,11,0.029717764423071752,0.45454545454545453,-0.00952789011413565
25,11,0.06792000978940663,0.8181818181818182,-0.017496873526357825
26,11,0.04477536728548325,0.5454545454545454,-0.0066083460149483995
27,11,0.03897955603898701,0.45454545454545453,-0.0087814991370031
28,11,0.030356430374945148,0.7272727272727273,-0.0229669713622076
29,11,0.1069118270563227,0.8181818181818182,-0.003788273820271401
30,11,-0.0017936309939230255,0.45454545454545453,-0.023476561028108224
31,11,0.02793244682876378,0.6363636363636364,-0.024186199908918023
32,11,0.07102626744892884,0.8181818181818182,-0.0001613971673717976
33,11,0.04165305273044685,0.6363636363636364,-0.0054315717317438
34,11,0.0706033534575755,0.6363636363636364,-0.0241864005536594
35,11,0.0369267826876998,0.6363636363636364,-0.005613391300724599
36,11,0.10008178347288715,0.6363636363636364,-0.003949670987643199
37,11,0.0635791467522741,0.5454545454545454,-0.0034875795562005
38,11,0.019496853685839276,0.7272727272727273,-0.0001818195689808
39,11,0.06053502023428042,0.6363636363636364,-0.003287499427795399
40,11,0.06751554406100395,0.6363636363636364,-0.004028870696697301
41,11,0.07034954425685915,0.7272727272727273,-0.0240429064440432
42,11,0.05150557541966211,0.6363636363636364,-0.0001955051217639031
43,11,0.0688648340217766,0.7272727272727273,-0.0065075068135794
44,11,0.05042364301606045,0.5454545454545454,-0.02474133119656165
45,11,0.010276339583431975,0.6363636363636364,-0.024105219541306223
46,11,0.03845762012531215,0.6363636363636364,-0.005613391300724599
47,11,0.014576488571333347,0.5454545454545454,-0.0229669713622076
48,11,0.06784368642117175,0.8181818181818182,0.0
49,11,0.04015755072336695,0.7272727272727273,-0.0035280963042213023
50,11,0.08850706034205019,0.6363636363636364,0.0
51,11,0.09171167689338061,0.6363636363636364,-0.0070757732480668
52,11,-0.0005402003576122768,0.45454545454545453,-0.009416844831732477
53,11,0.03033686049339425,0.2727272727272727,-0.0066893263825601994
54,11,0.08667858607495177,0.7272727272727273,-0.003949670987643206
55,11,0.02641655357889055,0.6363636363636364,-0.0240429064440432
56,11,0.06130922194357134,0.6363636363636364,-0.004028870696697301
57,11,0.05096534517054155,0.6363636363636364,-0.0070757732480668
58,11,0.0128728478326391,0.2727272727272727,-0.0232922850408046
59,11,0.026872876205593497,0.45454545454545453,-0.0242872397550284
60,11,0.020888351492096804,0.6363636363636364,-0.0230678105635766
61,11,0.06684769013722569,0.7272727272727273,-0.0054315717317438
62,11,0.029142852147356423,0.7272727272727273,-0.005393045627637825
63,11,-0.0113386833554859,0.18181818181818182,-0.0240429064440432
64,11,0.005449926418830648,0.45454545454545453,-0.0175353996304638
65,11,0.0707975213493452,0.5454545454545454,-0.029474478175787
66,11,0.050400321447444725,0.7272727272727273,-0.003788273820271401
67,11,0.08258658530185431,0.5454545454545454,-0.0057142305020936
68,11,0.005322278079769225,0.6363636363636364,-0.011900552441217224
69,11,0.05343471927665895,0.5454545454545454,-0.0054315717317438
70,11,0.06338236956469827,0.6363636363636364,-0.022928445258101626
71,11,0.07531047892706486,0.5454545454545454,-0.0005060296126591021
72,11,0.1308625432969839,0.8181818181818182,-0.003788273820271401
73,11,0.032758741966338246,0.6363636363636364,-0.003949670987643199
74,11,-0.0013799561218470991,0.45454545454545453,-0.016966289743760698
75,11,0.05130091556159542,0.7272727272727273,-0.003788273820271401
76,11,0.011383018285557997,0.6363636363636364,-0.0065075068135794
77,11,0.0092725495058843,0.6363636363636364,-0.0229669713622076
78,11,0.03840256705197157,0.7272727272727273,0.0
79,11,0.06721438426490137,0.6363636363636364,-0.007075773248066804
80,11,0.0657870448218956,0.7272727272727273,-0.0065075068135794
81,11,0.0725294728461573,0.6363636363636364,-0.0175353996304638
82,11,0.053340854307689055,0.6363636363636364,-0.0177172191994446
83,11,0.0727825356762193,0.6363636363636364,-0.0038340457884753
84,11,0.034487655620435674,0.45454545454545453,-0.0032874994277954
85,11,0.005827515928789098,0.45454545454545453,-0.0068328204921764
86,11,0.0703233935130268,0.8181818181818182,-0.0003059494842540013
87,11,0.0412530713307671,0.5454545454545454,-0.00024059687642589977
88,11,0.0301684952873803,0.45454545454545453,-0.0041902678640690985
89,11,0.01236523366634745,0.45454545454545453,-0.0073163701244927
90,11,0.09934099649574314,0.6363636363636364,-0.011939078545323199
91,11,0.0621712524961055,0.7272727272727273,-0.0065075068135794
92,11,0.015830046066944704,0.45454545454545453,-0.0229669713622076
93,11,0.06557460005860889,0.5454545454545454,-0.0070757732480668
94,11,0.011628796094626002,0.45454545454545453,-0.0066510009231956
95,11,0.08202241618557327,0.7272727272727273,0.0
96,11,0.0324038606184164,0.5454545454545454,-0.0232113046731928
97,11,0.007728131161266475,0.5454545454545454,-0.0073163701244927
98,11,0.02252104203822272,0.45454545454545453,-0.008331427500864977
99,11,0.054833315112005544,0.5454545454545454,-0.0175353996304638
100,11,0.023205728244742426,0.45454545454545453,-0.029579446181297223
101,11,0.03442702333035825,0.5454545454545454,-0.0042556204718972
102,11,0.0344968691910504,0.5454545454545454,-0.0070757732480668
103,11,0.058390977603564015,0.5454545454545454,-0.0034488965951672
104,11,0.049400760455593204,0.5454545454545454,-0.0035280963042213023
105,11,0.050512621850060314,0.6363636363636364,-0.011939078545323199
106,11,0.09737892325087386,0.8181818181818182,0.0
107,11,0.08457129470311579,0.6363636363636364,-0.0001613971673717976
108,11,0.0012207919271569239,0.5454545454545454,-0.022928445258101626
109,11,0.016779702616920546,0.5454545454545454,-0.0032874994277954
110,11,0.0366275281874098,0.5454545454545454,-0.0003614772957769002
111,11,0.0458679869698186,0.5454545454545454,-0.0041902678640690985
112,11,0.00628695705066145,0.5454545454545454,-0.011939078545323199
113,11,0.019799911913908747,0.5454545454545454,-0.0175353996304638
114,11,0.031458287425843744,0.45454545454545453,-0.0067901655839292
115,11,0.04505847678762358,0.36363636363636365,-0.005718359306234825
116,11,0.05744289074223955,0.6363636363636364,-0.0054315717317438
117,11,-0.006105485554788348,0.45454545454545453,-0.017860713309060798
118,11,0.0009011757137618488,0.36363636363636365,-0.012120898114303998
119,11,0.02806191347691855,0.5454545454545454,-0.029474478175787
120,11,0.015044853185790118,0.45454545454545453,-0.017496873526357825
121,11,0.00510853321155155,0.5454545454545454,-0.0241864005536594
122,11,0.022688675304753596,0.5454545454545454,-0.003949670987643199
123,11,0.013703260357542622,0.45454545454545453,-0.017496873526357825
124,11,0.0694068246419833,0.5454545454545454,-0.011939078545323199
125,11,0.04288509887336438,0.6363636363636364,-0.005574865196618625
126,11,-0.0020685739308096526,0.36363636363636365,-0.008514819556934951
127,11,0.08206138787621693,0.5454545454545454,-0.0042289508251024
128,11,0.012269469900093574,0.45454545454545453,-0.029617771640661823
129,11,0.06880620956939561,0.45454545454545453,-0.0079476332873437
130,11,0.0653244907468121,0.7272727272727273,0.0
131,11,0.051772005641391276,0.7272727272727273,-0.017496873526357825
132,11,0.0813212925615991,0.7272727272727273,-0.00020008012840509737
133,11,0.009547509810974448,0.45454545454545453,-0.011939078545323199
134,11,0.031084611073366297,0.7272727272727273,-0.011939078545323199
135,11,0.05469156890270004,0.45454545454545453,-0.0032874994277954026
136,11,0.018917617796249547,0.6363636363636364,-0.0229669713622076
137,11,0.0056691052885726005,0.45454545454545453,-0.011939078545323199
138,11,0.013796420534454174,0.5454545454545454,-0.026185235685835025
139,11,0.07115323970394753,0.8181818181818182,-0.005393045627637825
140,11,0.0419207014822071,0.5454545454545454,-0.003949670987643199
141,11,0.0423125466563709,0.5454545454545454,-0.0240429064440432
142,11,0.036829582199130996,0.45454545454545453,-0.0177172191994446
143,11,0.053980657586231634,0.6363636363636364,-0.006468980709473425
144,11,0.036671124827388026,0.5454545454545454,-0.017597712727726825
145,11,0.06339099200717098,0.7272727272727273,-0.011900552441217224
146,11,0.0645084379108868,0.7272727272727273,-0.003788273820271401
147,11,0.08559305398279095,0.6363636363636364,-0.011939078545323199
148,11,0.02085531943154565,0.45454545454545453,-0.0175353996304638
149,11,0.11387640969496216,0.9090909090909091,-0.00020008012840509737
150,11,0.003438457798538197,0.6363636363636364,-0.017638383417407602
151,11,0.0500921466072309,0.7272727272727273,-0.0032874994277954026
152,11,0.0347225090754741,0.5454545454545454,-0.0069336596935454
153,11,0.07994416278229696,0.7272727272727273,-0.00020008012840509737
154,11,0.06524196798522577,0.5454545454545454,-0.0034875795562005
155,11,0.04640684549109245,0.45454545454545453,-0.011939078545323199
156,11,0.08084750172946284,0.7272727272727273,-0.0065075068135794
157,11,0.0214473361328353,0.45454545454545453,-0.0243682201226402
158,11,0.1081078533436482,0.8181818181818182,0.0
159,11,0.016085219746967444,0.45454545454545453,-0.0240429064440432
160,11,0.0391698835256708,0.5454545454545454,-0.0054315717317438
161,11,0.044258015040332596,0.6363636363636364,-0.0070757732480668
162,11,0.0286003778358997,0.6363636363636364,-0.0006628517733897003
163,11,0.0912065473531012,0.7272727272727273,0.0
164,11,0.04093712660150705,0.5454545454545454,-0.0054315717317438
165,11,0.014122523848523173,0.5454545454545454,-0.022928445258101626
166,11,0.01015675990003985,0.5454545454545454,-0.005675905042728999
167,11,0.04341675511861775,0.5454545454545454,-0.029474478175787
168,11,0.0326406050426492,0.45454545454545453,-0.0065075068135794
169,11,0.02571208213527488,0.6363636363636364,-0.024105219541306223
170,11,0.08711053094579425,0.6363636363636364,-0.0032874994277954026
171,11,0.0478282734280024,0.7272727272727273,-0.0054315717317438
172,11,0.10657178057879939,0.8181818181818182,-0.00016139716737180107
173,11,0.019038022544618005,0.5454545454545454,-0.011939078545323199
174,11,0.055937748025186584,0.6363636363636364,-0.006468980709473425
175,11,0.0048426380374984234,0.36363636363636365,-0.011014385184066776
176,11,0.06924817313515146,0.5454545454545454,-0.0175353996304638
177,11,0.04267527271702595,0.6363636363636364,-0.0175353996304638
178,11,0.0156410066654334,0.45454545454545453,-0.0040288706966973
179,11,0.04333164763942133,0.7272727272727273,-0.00046734665162580236
180,11,0.07542870405537934,0.7272727272727273,0.0
181,11,0.021105742690503245,0.36363636363636365,-0.007477767291864501
182,11,0.07078306648815925,0.6363636363636364,-0.0072712783698307
183,11,0.0589089513523281,0.36363636363636365,-0.0065075068135794
184,11,-0.004951999501047803,0.45454545454545453,-0.0175353996304638
185,11,0.0244882383204501,0.45454545454545453,-0.017843493700292604
186,11,0.010668357402643222,0.7272727272727273,-0.017496873526357825
187,11,0.0240108629122487,0.6363636363636364,-0.0070757732480668
188,11,0.023550600459619653,0.5454545454545454,-0.0175353996304638
189,11,0.0636412919068881,0.5454545454545454,-0.0001613971673717976
190,11,0.0314154749562292,0.5454545454545454,-0.0065075068135794
191,11,0.0404304794346259,0.36363636363636365,-0.0175353996304638
192,11,0.03305121836851005,0.6363636363636364,-0.003287499427795399
193,11,0.06538516250289286,0.6363636363636364,-0.024004380339937223
194,11,0.07929431589880968,0.6363636363636364,-0.00036147729577689497
195,11,0.05636514375045257,0.6363636363636364,-0.005637378938623025
196,11,0.05176920151287667,0.5454545454545454,-0.005393045627637825
197,11,0.011466973184299975,0.5454545454545454,-0.0039503512011851
198,11,0.020788553979161895,0.6363636363636364,-0.0004019940437977
199,11,0.08813773878630646,0.6363636363636364,0.0
200,11,0.07312537799109421,0.45454545454545453,-0.011939078545323199
201,11,0.040782704337067474,0.5454545454545454,-0.0005035991915927039
202,11,0.016173979212655225,0.45454545454545453,-0.017597712727726825
203,11,0.0554172483750508,0.5454545454545454,-0.011939078545323199
204,11,0.038747305177702945,0.5454545454545454,-0.0229669713622076
205,11,0.040948945070002456,0.6363636363636364,-0.0175353996304638
206,11,0.07478217852060039,0.6363636363636364,-0.003788273820271401
207,11,0.0465150446289207,0.5454545454545454,-0.000426152879966
208,11,0.04966756411913495,0.7272727272727273,-0.0065075068135794
209,11,0.0717225568658306,0.45454545454545453,-0.007075773248066797
210,11,0.04666325934641555,0.6363636363636364,-0.0003955852501689996
211,11,0.03613990866168075,0.7272727272727273,-0.00557506584136
212,11,0.03024335628100915,0.7272727272727273,-0.0054315717317438
213,11,0.048381440650031346,0.45454545454545453,-0.01212960302031555
214,11,0.04999559887725717,0.5454545454545454,-0.006468980709473425
215,11,0.06506399503341997,0.45454545454545453,-0.0039883539486764985
216,11,0.032556671731690946,0.7272727272727273,-0.0065075068135794
217,11,-0.0024355235957285986,0.5454545454545454,-0.014320014019626098
218,11,0.0784915588945977,0.7272727272727273,-0.0175353996304638
219,11,0.0634180518986442,0.6363636363636364,-0.0039883539486764985
220,11,0.0129483706067814,0.5454545454545454,-0.0065075068135794
221,11,0.060696418281218946,0.7272727272727273,-0.0055324109331127995
222,11,-0.011700111023523252,0.2727272727272727,-0.012124385535907849
223,11,0.0614675742777051,0.45454545454545453,-0.0002443333109852
224,11,0.0041017688539848485,0.45454545454545453,-0.0054315717317438
225,11,0.07187950246984011,0.6363636363636364,-0.0054315717317438
226,11,0.021832672990330523,0.7272727272727273,-0.017496873526357825
227,11,0.05884283258748975,0.45454545454545453,-0.0065075068135794
228,11,0.061317899885933655,0.5454545454545454,-0.01767889374008
229,11,0.0399909635969623,0.6363636363636364,-0.003988353948676502
230,11,0.008700828671958101,0.45454545454545453,-0.00557506584136
231,11,0.040974355551303854,0.5454545454545454,-0.006206962945490051
232,11,0.046277854242979026,0.7272727272727273,-0.006468980709473425
233,11,0.07897700102518365,0.7272727272727273,-8.968527362335135e-05
234,11,0.016844662047943177,0.6363636363636364,-0.00020008012840509997
235,11,0.06013565518881025,0.6363636363636364,-0.0067901655839292
236,11,0.014414271109859975,0.6363636363636364,-0.023029284459470625
237,11,0.04326537868316365,0.45454545454545453,-0.0066083460149483995
238,11,0.01742618898361307,0.6363636363636364,-0.017597712727726825
239,11,0.03673235869732445,0.5454545454545454,-0.0054315717317438
240,11,0.1082456959783388,0.8181818181818182,-0.003788273820271401
241,11,0.007874961790709971,0.6363636363636364,-0.006468980709473425
242,11,0.06490683159165285,0.36363636363636365,-0.0175353996304638
243,11,0.08584075175215077,0.8181818181818182,-0.0175353996304638
244,11,-0.0015282334305681518,0.36363636363636365,-0.00557506584136
245,11,0.0337657007580983,0.45454545454545453,-0.0072371704154385996
246,11,-0.008323340931820328,0.36363636363636365,-0.016097759532686426
247,11,0.09081848520673513,0.9090909090909091,-0.003788273820271401
248,11,0.05774201696015385,0.6363636363636364,-0.0070757732480668
249,11,0.04961947742999315,0.6363636363636364,-0.003648976723572301
250,11,0.025064319107111693,0.7272727272727273,-0.0175353996304638
251,11,0.0694823771228117,0.8181818181818182,-0.01767889374008
252,11,0.051059286316163945,0.6363636363636364,-0.006597192087202752
253,11,0.0071828703021662235,0.6363636363636364,-0.0037882738202714
254,11,0.02467835868303772,0.45454545454545453,-0.0003614772957769019
255,11,0.03002970202683195,0.5454545454545454,-0.0070757732480668
256,11,0.0657980632123391,0.45454545454545453,-0.0054315717317438
257,11,0.04234642730302094,0.5454545454545454,0.0
258,11,0.06392623697097186,0.6363636363636364,-0.0001613971673717976
259,11,0.07884908499936637,0.6363636363636364,-0.0035280963042212954
260,11,0.015482737744669824,0.5454545454545454,-0.011900552441217224
261,11,0.04343603106569355,0.8181818181818182,-0.00557506584136
262,11,0.0023118585931391987,0.36363636363636365,-0.0241864005536594
263,11,0.026937721625602002,0.36363636363636365,-0.0068328204921764
264,11,0.05538865918030155,0.8181818181818182,-0.003788273820271401
265,11,0.08013625720497605,0.7272727272727273,0.0
266,11,0.0916830450419629,0.8181818181818182,-0.003788273820271401
267,11,0.0399861413663191,0.6363636363636364,-0.0066893263825601994
268,11,0.0554913837244237,0.6363636363636364,-0.0065075068135794
269,11,0.021841004351555175,0.6363636363636364,-0.005393045627637825
270,11,0.0761894656479362,0.6363636363636364,-0.0054315717317438
271,11,0.05050538045837465,0.6363636363636364,-0.00016139716737180107
272,11,0.0390431124033052,0.5454545454545454,-0.0054315717317438
273,11,-0.011901948872243998,0.5454545454545454,-0.0229669713622076
274,11,0.01804518973703802,0.5454545454545454,-0.003983778942035299
275,11,0.04604779441407233,0.5454545454545454,-0.0034875795562005
276,11,0.0651772635670272,0.9090909090909091,-0.0054315717317438
277,11,0.0560671193449254,0.7272727272727273,-0.00020008012840509997
278,11,0.0386535002767365,0.45454545454545453,-0.0229669713622076
279,11,0.0286427863747264,0.5454545454545454,-0.0054315717317438
280,11,0.0654454093118179,0.7272727272727273,-0.0176362388318328
281,11,-0.008360300874399448,0.6363636363636364,-0.0232113046731928
282,11,0.04099951835648401,0.6363636363636364,-0.011939078545323199
283,11,0.0284620302270945,0.36363636363636365,-0.0076327556656076
284,11,0.1083613664413841,0.7272727272727273,-0.0054315717317438
285,11,0.09387268086744789,0.9090909090909091,-0.0032874994277954026
286,11,0.0359992783138008,0.7272727272727273,-0.0054315717317438
287,11,0.06213701425564488,0.7272727272727273,0.0
288,11,0.044760801575583556,0.7272727272727273,-0.0176362388318328
289,11,0.0300340045283966,0.45454545454545453,-0.011939078545323199
290,11,0.055268169236016296,0.6363636363636364,-0.003949670987643199
291,11,0.07491307026713924,0.7272727272727273,-0.0054315717317438
292,11,0.07133789503332626,0.6363636363636364,-0.0054315717317438
293,11,0.02357608767598865,0.5454545454545454,-0.0066510009231956
294,11,-0.004141650316143453,0.7272727272727273,-0.0240429064440432
295,11,0.07078977567156398,0.6363636363636364,-0.0054315717317438
296,11,0.0318796351375557,0.6363636363636364,-0.0054315717317438
297,11,0.08063094329040531,0.6363636363636364,-0.0068328204921764
298,11,0.0448901060304272,0.45454545454545453,-0.0229669713622076
299,11,0.023778044540269095,0.5454545454545454,-0.0175353996304638
300,11,0.04882844980005515,0.9090909090909091,-0.003788273820271401
301,11,0.07706059712242795,0.6363636363636364,-0.0039496709876432
302,11,0.014347800794041375,0.7272727272727273,-0.017496873526357825
303,11,0.0636532829687577,0.5454545454545454,-0.0065075068135794
304,11,0.04815517846129445,0.7272727272727273,-0.0054315717317438
305,11,0.033789511729640925,0.45454545454545453,-0.006468980709473425
306,11,0.02727983852058035,0.45454545454545453,-0.0034875795562005
307,11,0.0192712949368061,0.5454545454545454,-0.0034830045495592987
308,11,0.013846512526481274,0.5454545454545454,-0.005842489221508025
309,11,0.04980705552435268,0.6363636363636364,-0.007511875246256603
310,11,0.0939165850465554,0.6363636363636364,-0.003988353948676502
311,11,0.0436614328990894,0.45454545454545453,-0.007275853376471901
312,11,0.02048446395989975,0.6363636363636364,-0.0054315717317438
313,11,0.06933062076379629,0.5454545454545454,-0.0175353996304638
314,11,0.05036281372736732,0.6363636363636364,-0.0039883539486764985
315,11,0.014160913131505852,0.7272727272727273,-0.0055324109331127995
316,11,0.03336079084628585,0.45454545454545453,-0.0054315717317438
317,11,0.0773711299410712,0.6363636363636364,-0.0175353996304638
318,11,0.016225297547435846,0.45454545454545453,-0.007275853376471901
319,11,-0.005338659865501276,0.6363636363636364,-0.017496873526357825
320,11,0.058844149471282504,0.45454545454545453,-0.0054315717317438
321,11,0.03238853127457093,0.6363636363636364,-0.00020008012840510084
322,11,0.1210412113762052,0.7272727272727273,-0.00020008012840509737
323,11,0.05658324815159243,0.8181818181818182,-0.017496873526357825
324,11,-0.008666951856156783,0.36363636363636365,-0.024004380339937223
325,11,0.08542690973540755,0.7272727272727273,-0.0175353996304638
326,11,0.05586276297081205,0.6363636363636364,-0.0240429064440432
327,11,0.0441239886197189,0.5454545454545454,-0.0178180584008136
328,11,0.06653945730924198,0.45454545454545453,-0.005393045627637825
329,11,0.1272710646619069,0.8181818181818182,0.0
330,11,0.033214973621557724,0.6363636363636364,-0.003949670987643199
331,11,0.033026192250259746,0.45454545454545453,-0.011939078545323199
332,11,0.04674079804055391,0.7272727272727273,-0.0065075068135794
333,11,0.13988266371538152,0.8181818181818182,-0.0054315717317438
334,11,0.030664582819418,0.6363636363636364,-0.0175353996304638
335,11,0.0608579047228742,0.6363636363636364,-0.000325313678597
336,11,0.026870523046680604,0.7272727272727273,-0.0065075068135794
337,11,0.07195106812680785,0.8181818181818182,-0.0034875795562005
338,11,0.006660470715913222,0.45454545454545453,-0.004028870696697299
339,11,0.007711955404267376,0.45454545454545453,-0.006650800278454225
340,11,-0.016904760734356653,0.5454545454545454,-0.02007117195170175
341,11,0.06903913452662112,0.6363636363636364,-0.003949670987643199
342,11,0.031148309163421047,0.2727272727272727,-0.0038895735999982008
343,11,0.08891494549705334,0.7272727272727273,-0.0032874994277953956
344,11,0.041228173261338305,0.5454545454545454,-0.0057142305020936
345,11,0.05923550253419538,0.7272727272727273,-0.004028870696697299
346,11,0.004684571020922225,0.5454545454545454,-0.006468980709473425
347,11,0.034709546738263417,0.7272727272727273,-0.006468980709473425
348,11,0.02541789347907425,0.6363636363636364,-0.0240429064440432
349,11,0.10643227172029512,0.8181818181818182,0.0
350,11,0.03600271197779545,0.5454545454545454,-0.0039883539486764985
351,11,0.07300596709804283,0.9090909090909091,0.0
352,11,-0.0016305765379970496,0.45454545454545453,-0.0232922850408046
353,11,0.0731820745018039,0.7272727272727273,-0.007237170415438601
354,11,0.07907358610563159,0.5454545454545454,-0.007075773248066797
355,11,0.05335704748328155,0.45454545454545453,-0.0175353996304638
356,11,0.0358933302602745,0.45454545454545453,-0.005613391300724599
357,11,0.045585624381375076,0.8181818181818182,-0.00019550512176389964
358,11,0.0391266653016463,0.5454545454545454,-0.0066893263825601994
359,11,0.023894104233555223,0.8181818181818182,-0.017496873526357825
360,11,0.06322770210378174,0.5454545454545454,-0.0002443333109852
361,11,0.0371295557827038,0.36363636363636365,-0.0054315717317438
362,11,0.08210560750885475,0.45454545454545453,-0.0001613971673717976
363,11,0.08387315231008341,0.5454545454545454,-0.00036147729577689497
364,11,0.026284063566410252,0.5454545454545454,-0.017860713309060798
365,11,0.026596795906069552,0.5454545454545454,-0.0240429064440432
366,11,0.08762079877396833,0.7272727272727273,-8.968527362335221e-05
367,11,0.09742441993578971,0.8181818181818182,-0.0054315717317438
368,11,0.06544778268091639,0.6363636363636364,-0.0065075068135794
369,11,0.04947095405161845,0.5454545454545454,-0.0009080236564567926
370,11,0.05857133803791825,0.45454545454545453,-0.005756885410340799
371,11,0.02480936894416375,0.6363636363636364,-0.00019550512176389964
372,11,0.03154854961575955,0.6363636363636364,-0.0055324109331127995
373,11,0.04780673146808428,0.6363636363636364,-0.0003614772957769002
374,11,0.0465893784673424,0.6363636363636364,-0.0054315717317438
375,11,0.04611955077768825,0.5454545454545454,-0.0074372505438437
376,11,0.0625762133461755,0.36363636363636365,-0.0067901655839292
377,11,0.05914741430077562,0.6363636363636364,-0.005393045627637825
378,11,0.017660730728151976,0.5454545454545454,-0.0007420514824437998
379,11,0.06777353383076558,0.6363636363636364,-0.0036894934715931
380,11,0.02918384164420525,0.7272727272727273,-0.0006674267800308997
381,11,0.0482253310321876,0.5454545454545454,-0.0065075068135794
382,11,0.008676257294815899,0.36363636363636365,-0.011939078545323199
383,11,0.0725145198347268,0.6363636363636364,-0.0240429064440432
384,11,-0.013094578724071828,0.5454545454545454,-0.023029284459470625
385,11,0.05696515012179917,0.7272727272727273,-0.006468980709473425
386,11,0.05520502784601765,0.6363636363636364,-0.0039883539486765
387,11,-0.022385789286281196,0.2727272727272727,-0.035185210484463804
388,11,0.0114866356064439,0.5454545454545454,-0.003287499427795401
389,11,0.010037510479437075,0.5454545454545454,-0.0036489767235723
390,11,0.12335873577102001,0.8181818181818182,-0.0032874994277953956
391,11,-0.009426037178190051,0.45454545454545453,-0.0175353996304638
392,11,-0.015162022070722026,0.36363636363636365,-0.03321122055271123
393,11,0.08149513039198636,0.7272727272727273,-0.006468980709473425
394,11,0.02708873546885472,0.5454545454545454,-0.000305949484254
395,11,0.08104164823579996,0.5454545454545454,-0.007237170415438598
396,11,0.11545525706530521,0.9090909090909091,0.0
397,11,-0.010751269084543198,0.45454545454545453,-0.0231487909311884
398,11,0.03787390393084559,0.5454545454545454,-0.007237170415438601
399,11,-0.014081505200386025,0.36363636363636365,-0.017640367635974024
400,11,0.0707637720183354,0.5454545454545454,-0.005613391300724599
401,11,0.07096222771512166,0.7272727272727273,-0.00024059687642589977
402,11,0.019128323149049647,0.7272727272727273,-0.0066510009231956
403,11,0.07187454159272999,0.7272727272727273,-0.0032874994277953956
404,11,0.022486569693663302,0.6363636363636364,-0.0229669713622076
405,11,0.0725130198141593,0.6363636363636364,-0.0034875795562005
406,11,0.0439649873777871,0.8181818181818182,0.0
407,11,0.02750667786178652,0.45454545454545453,-0.011900552441217224
408,11,-0.01546016541067455,0.45454545454545453,-0.0233931242421736
409,11,0.026331901600674803,0.6363636363636364,-0.0231104654718238
410,11,0.0611591244841092,0.6363636363636364,-0.0229669713622076
411,11,-0.0007157089895080517,0.45454545454545453,-0.0243682201226402
412,11,0.07144618388669752,0.8181818181818182,-0.017496873526357825
413,11,0.0572097721844744,0.45454545454545453,-0.007477767291864501
414,11,0.0564510139024716,0.5454545454545454,-0.0065075068135794
415,11,0.014353481109742374,0.6363636363636364,-0.003949670987643199
416,11,0.0320569186536667,0.36363636363636365,-0.0096612027703881
417,11,0.0394343359900274,0.36363636363636365,-0.0241437456454122
418,11,0.07190213836090652,0.7272727272727273,0.0
419,11,0.07859978432237591,0.6363636363636364,-0.0175353996304638
420,11,0.025708536964140702,0.45454545454545453,-0.029474478175787
421,11,0.03354677453200253,0.8181818181818182,-0.00023317938323955177
422,11,0.055214994750994596,0.6363636363636364,-0.0054315717317438
423,11,0.08870276471326538,0.6363636363636364,-0.006468980709473425
424,11,0.06561036283405935,0.5454545454545454,-0.003788273820271401
425,11,0.034938591553504775,0.36363636363636365,-0.017678693095338625
426,11,0.013176338489539323,0.6363636363636364,-0.00024433331098520005
427,11,0.054200787802678445,0.5454545454545454,-0.0175353996304638
428,11,0.057627625093204606,0.5454545454545454,-0.0065075068135794
429,11,0.09603892973482281,0.8181818181818182,-0.0066083460149483995
430,11,0.03427858870294893,0.6363636363636364,-0.0036444017169311
431,11,0.06157577707760223,0.6363636363636364,0.0
432,11,0.021319555195090052,0.6363636363636364,-0.0175353996304638
433,11,0.02009252149758592,0.45454545454545453,-0.006468980709473425
434,11,0.02437663976369055,0.6363636363636364,-0.0006674267800309006
435,11,0.028666672687171674,0.7272727272727273,-0.017496873526357825
436,11,0.054642446760709174,0.8181818181818182,-0.0001818195689808
437,11,0.04959378955511533,0.7272727272727273,-0.017496873526357825
438,11,0.0790719235778119,0.8181818181818182,-0.0001613971673717976
439,11,0.0729782694418212,0.6363636363636364,-0.011939078545323199
440,11,0.10352378385637004,0.8181818181818182,-0.00019550512176389964
441,11,0.027918761640857877,0.5454545454545454,-0.022928445258101626
442,11,0.07012881056553924,0.6363636363636364,-0.0065075068135794
443,11,0.06247246485608095,0.6363636363636364,-0.0055324109331127995
444,11,0.035895425962928,0.45454545454545453,-0.0073163701244927
445,11,0.0752748490137432,0.5454545454545454,-0.004228950825102398
446,11,0.04274572192172965,0.7272727272727273,-0.0065075068135794
447,11,0.0511216166607012,0.6363636363636364,-0.0231104654718238
448,11,0.09038209779953826,0.8181818181818182,-0.003788273820271401
449,11,0.060773273544522,0.6363636363636364,0.0
450,11,0.027878546715006176,0.6363636363636364,-0.024004380339937223
451,11,0.08501095383734786,0.8181818181818182,-0.017496873526357825
452,11,0.065623096813668,0.6363636363636364,-0.011939078545323199
453,11,0.05278616768905012,0.5454545454545454,-0.022928445258101626
454,11,0.016382941349247324,0.7272727272727273,-0.012001391642586224
455,11,0.0433908118477025,0.7272727272727273,-0.0070757732480668
456,11,0.045500041716294126,0.6363636363636364,-0.022928445258101626
457,11,0.016872908982910172,0.5454545454545454,-0.017496873526357825
458,11,0.017322979140933323,0.5454545454545454,-0.0035280963042212997
459,11,0.0659530837732465,0.6363636363636364,-0.00024059687642589977
460,11,0.04332155963891089,0.8181818181818182,0.0
461,11,0.03638529491346685,0.6363636363636364,-0.0054315717317438
462,11,0.03414909346606552,0.5454545454545454,-0.003287499427795399
463,11,0.04737603199995712,0.5454545454545454,-0.011900552441217224
464,11,-0.00015276234227982544,0.45454545454545453,-0.006468980709473425
465,11,0.020057855105070098,0.45454545454545453,-0.019469558315603798
466,11,0.03806862397978175,0.5454545454545454,-0.01767889374008
467,11,0.0464045287035119,0.6363636363636364,-0.029474478175787
468,11,0.05699673616178962,0.8181818181818182,-0.0001434941096162
469,11,0.022031638638273968,0.5454545454545454,-0.024004380339937223
470,11,0.03830661136351545,0.45454545454545453,-0.0034488965951672
471,11,0.04727832370698965,0.36363636363636365,-0.0034875795562005
472,11,0.009419651212570324,0.6363636363636364,-0.006468980709473425
473,11,0.003186990512499502,0.36363636363636365,-0.029474478175787
474,11,-0.018509836457223677,0.36363636363636365,-0.020618446810913578
475,11,0.0570541145208071,0.5454545454545454,-0.0175353996304638
476,11,0.0145736517067576,0.5454545454545454,-0.0175353996304638
477,11,0.018195091814716326,0.5454545454545454,-0.014830749655646576
478,11,0.025745067750337605,0.5454545454545454,-0.024325565214393
479,11,0.013058582960264974,0.5454545454545454,-0.0037935290404545
480,11,0.0484384403225476,0.7272727272727273,-0.0175353996304638
481,11,0.040393590502200274,0.6363636363636364,-0.006751639479823226
482,11,0.09498798630213463,0.7272727272727273,-0.00036147729577689497
483,11,0.04585893298327942,0.6363636363636364,-0.0005014546060179001
484,11,0.014058307100492376,0.5454545454545454,-0.029435952071681024
485,11,0.06140120098162725,0.7272727272727273,-0.0057142305020936
486,11,0.0476339382452884,0.7272727272727273,-0.0070757732480668
487,11,0.07690919768620359,0.5454545454545454,-0.005613391300724599
488,11,0.025603467813476277,0.5454545454545454,-0.017741206837343024
489,11,0.033352490586562,0.5454545454545454,-0.0038849985933570004
490,11,0.053242364829899226,0.45454545454545453,-0.0041902678640690985
491,11,0.069814448476184,0.7272727272727273,-0.0003614772957769019
492,11,0.04295457602363641,0.5454545454545454,-0.0034875795562005
493,11,0.055206595864987176,0.7272727272727273,-0.005393045627637825
494,11,0.04030290041745005,0.7272727272727273,-0.0177172191994446
495,11,0.08169085720488736,0.7272727272727273,-0.00024059687642589977
496,11,0.04984719202646351,0.5454545454545454,-0.0240429064440432
497,11,0.059774997812649396,0.6363636363636364,-0.0032874994277954026
498,11,0.01319232171633335,0.5454545454545454,-0.0034875795562005
499,11,0.06526587359527522,0.7272727272727273,-0.005393045627637825
500,11,0.07267555082407792,0.7272727272727273,-0.0003723440439731517
501,11,0.031224575236988603,0.5454545454545454,-0.0065075068135794
502,11,0.01291214180403127,0.5454545454545454,-0.0005014546060179001
503,11,0.0355005291302807,0.6363636363636364,-0.0175353996304638
504,11,0.054877989625552945,0.5454545454545454,-0.0066510009231956
505,11,-0.0178082891054649,0.2727272727272727,-0.0232113046731928
506,11,0.012445217107623174,0.45454545454545453,-0.006468980709473425
507,11,0.07569462137871955,0.8181818181818182,0.0
508,11,0.09747499188948719,0.6363636363636364,-0.0054315717317438
509,11,-0.0020276217136292506,0.6363636363636364,-0.0176362388318328
510,11,-0.0045494539127092035,0.6363636363636364,-0.0229669713622076
511,11,0.08988065299733478,0.7272727272727273,-0.005393045627637825
512,11,0.0266125943079968,0.6363636363636364,-0.0054315717317438
513,11,0.09828896818329456,0.8181818181818182,-0.003788273820271401
514,11,0.03391294730052917,0.7272727272727273,-0.0004406770048310006
515,11,0.058743046387642946,0.6363636363636364,-0.003788273820271401
516,11,0.08751036010803735,0.6363636363636364,-0.0034875795562005
517,11,0.0529171979844692,0.5454545454545454,-0.003985923527610102
518,11,0.053310863622657155,0.5454545454545454,-0.0175353996304638
519,11,0.042100562103351405,0.5454545454545454,-0.004294303432930496
520,11,0.07497570527775665,0.6363636363636364,-0.0003340185846085518
521,11,0.04506613689948381,0.7272727272727273,-0.00036147729577689497
522,11,0.017735880879809353,0.5454545454545454,-0.01767889374008
523,11,0.0730742683620482,0.7272727272727273,-0.01767889374008
524,11,0.0648415290831955,0.45454545454545453,-0.0068328204921764
525,11,0.0515715623674427,0.45454545454545453,-0.0241437456454122
526,11,0.03587254960220325,0.5454545454545454,-0.0054315717317438
527,11,0.06667869536843625,0.5454545454545454,-0.0005911398796412531
528,11,0.040901726509404254,0.36363636363636365,-0.0057142305020936
529,11,0.005996664809543851,0.45454545454545453,-0.005675905042728999
530,11,0.06485088018485204,0.5454545454545454,-0.003949670987643199
531,11,0.03172029942055997,0.6363636363636364,-0.007275853376471901
532,11,0.023952050099263694,0.7272727272727273,-0.0175353996304638
533,11,0.012098516177372601,0.6363636363636364,-0.0065075068135794
534,11,0.0619865305407925,0.7272727272727273,-0.0065075068135794
535,11,0.1114310429959761,0.8181818181818182,-0.0065075068135794
536,11,-0.016810998656638633,0.45454545454545453,-0.022928445258101626
537,11,0.02838386562683895,0.7272727272727273,-0.00020008012840510084
538,11,0.05119754160820918,0.6363636363636364,-0.005393045627637825
539,11,0.005301098561842775,0.6363636363636364,-0.017496873526357825
540,11,0.04664001096755805,0.5454545454545454,-0.0175353996304638
541,11,0.04769559215166402,0.7272727272727273,-0.0001955051217639031
542,11,0.0598408325873639,0.8181818181818182,-0.003287499427795399
543,11,0.015796213144902826,0.6363636363636364,-0.024186199908918023
544,11,0.0948848968180642,0.8181818181818182,-0.0065075068135794
545,11,0.07171749860251403,0.7272727272727273,-0.003788273820271401
546,11,0.1145647810800574,0.6363636363636364,-0.0032874994277954026
547,11,0.0982183405601411,0.8181818181818182,-0.00030594948425399955
548,11,0.0250573002128276,0.5454545454545454,-0.0240429064440432
549,11,0.011027820581494525,0.45454545454545453,-0.011900552441217224
550,11,0.060881888277803414,0.7272727272727273,-0.0002443333109852
551,11,0.027022686828421072,0.6363636363636364,-0.006650800278454225
552,11,0.0465138871083887,0.6363636363636364,-0.0175353996304638
553,11,0.056289804503750825,0.6363636363636364,-0.006468980709473425
554,11,0.0840357354711333,0.8181818181818182,-0.003949670987643199
555,11,0.07149878791705015,0.7272727272727273,-0.003788273820271401
556,11,0.032460042877040005,0.45454545454545453,-0.011939078545323199
557,11,0.04689451334332545,0.5454545454545454,-0.0071654585216901516
558,11,0.0016591648045610466,0.7272727272727273,-0.0240429064440432
559,11,0.034237279718888444,0.45454545454545453,-0.005622096206736151
560,11,0.03987378538072725,0.7272727272727273,-0.0054315717317438
561,11,0.02635412416790305,0.6363636363636364,-0.01776857901370335
562,11,0.08871878962832443,0.8181818181818182,-0.00016139716737180454
563,11,0.0872338661930473,0.6363636363636364,-0.0054315717317438
564,11,0.08970155669582942,0.7272727272727273,-0.0037281764326263997
565,11,0.03780102842841321,0.7272727272727273,-0.0065075068135794
566,11,0.0758741351670274,0.8181818181818182,-0.0065075068135794
567,11,0.0552656746674472,0.7272727272727273,-0.0175353996304638
568,11,0.05878292817329732,0.45454545454545453,-0.0040288706966973
569,11,0.01863047845795458,0.5454545454545454,-0.023110264827082425
570,11,0.077112745259449,0.7272727272727273,-0.0065075068135794
571,11,0.058795411431901874,0.7272727272727273,-0.0002826587703498
572,11,0.03467482904584715,0.45454545454545453,-0.0075164502528978
573,11,0.04563430788175999,0.7272727272727273,-0.00020008012840510084
574,11,0.0511274834806832,0.45454545454545453,-0.0039954429558470995
575,11,0.0081588924399707,0.7272727272727273,-0.0175353996304638
576,11,0.0060954438217297,0.2727272727272727,-0.017779732941448998
577,11,0.048604470137453865,0.5454545454545454,-0.0070757732480668
578,11,0.0893595042116551,0.8181818181818182,-0.0034875795562005
579,11,0.0615415791041338,0.6363636363636364,-0.003648976723572301
580,11,0.08419628908698142,0.6363636363636364,-0.0034875795562005
581,11,0.029299018968095947,0.5454545454545454,-0.0178180584008136
582,11,0.01800543559259315,0.5454545454545454,-0.0034875795562005
583,11,0.03306273622234895,0.45454545454545453,-0.0054315717317438
584,11,0.02951449586592665,0.7272727272727273,-0.003949670987643199
585,11,0.05035476962130715,0.7272727272727273,-0.004094223304525399
586,11,-0.0148606230115274,0.2727272727272727,-0.0291091142385958
587,11,0.0158160871564155,0.7272727272727273,-0.0065075068135794
588,11,0.037798179815700474,0.6363636363636364,-0.0034488965951672
589,11,0.030670550278742003,0.45454545454545453,-0.007330362756293199
590,11,-0.010313934220346078,0.45454545454545453,-0.022928445258101626
591,11,0.04896913602659635,0.6363636363636364,-0.0066893263825601994
592,11,0.02662787457868695,0.6363636363636364,-0.003788273820271401
593,11,0.03610512880282842,0.45454545454545453,-0.0002715048426041518
594,11,0.0049136716096554,0.5454545454545454,-0.010008279905255098
595,11,0.04782249301155325,0.5454545454545454,-0.004540810867284452
596,11,0.07656254964686285,0.5454545454545454,-0.017779732941448998
597,11,0.0005186918868774979,0.45454545454545453,-0.0065075068135794
598,11,0.06451421983479656,0.5454545454545454,-0.005493884829006825
599,11,0.03522665060968255,0.45454545454545453,-0.000426152879966
600,11,0.05811490853247867,0.7272727272727273,-0.017496873526357825
601,11,-0.012370995162530905,0.36363636363636365,-0.023069955149151403
602,11,0.026451717484858875,0.45454545454545453,-0.003950351201185101
603,11,0.09832993120653524,0.9090909090909091,0.0
604,11,0.017209889103189522,0.6363636363636364,-0.017496873526357825
605,11,0.06862897526225485,0.7272727272727273,-0.0002826587703498
606,11,0.06674298388707219,0.6363636363636364,-0.0054315717317438
607,11,0.00921892238417045,0.36363636363636365,-0.0065075068135794
608,11,0.0361597391502679,0.6363636363636364,-0.005613391300724599
609,11,0.04990823657677292,0.6363636363636364,-0.004149751116048296
610,11,0.07577477925981088,0.8181818181818182,-0.0002443333109852
611,11,-0.016831694242556955,0.36363636363636365,-0.0229669713622076
612,11,0.031862579217726894,0.45454545454545453,-0.0072758533764719
613,11,0.0650902813321574,0.8181818181818182,-0.0065075068135794
614,11,0.046264115233831546,0.6363636363636364,-0.0065075068135794
615,11,0.015236619985962324,0.6363636363636364,-0.017496873526357825
616,11,0.04187734429583914,0.45454545454545453,-0.0177172191994446
617,11,0.05414545175193072,0.5454545454545454,-0.00044067700483099714
618,11,0.06809522280808175,0.45454545454545453,-0.0038832143140778534
619,11,0.0706198628567203,0.6363636363636364,-0.0002443333109852
620,11,0.0880895222505497,0.7272727272727273,-0.003788273820271401
621,11,0.046356380303163296,0.6363636363636364,-0.0054315717317438
622,11,0.044211109433603624,0.9090909090909091,-0.0001434941096162
623,11,0.0637203096173478,0.7272727272727273,-0.0229669713622076
624,11,-0.020719795372102254,0.2727272727272727,-0.029575317377156
625,11,0.032448597566690954,0.36363636363636365,-0.0065075068135794
626,11,0.054918678145231256,0.45454545454545453,-0.005613391300724599
627,11,0.07781941589781739,0.6363636363636364,-0.0054315717317438
628,11,0.04049590351313228,0.6363636363636364,-0.029435952071681024
629,11,0.0933172767319793,0.6363636363636364,-0.0054315717317438
630,11,0.08734470050789529,0.6363636363636364,-0.011939078545323199
631,11,0.046977446197019025,0.8181818181818182,-0.005536539737254025
632,11,0.058118845436340105,0.5454545454545454,-0.0068328204921764
633,11,0.027346747924234596,0.7272727272727273,-0.0229669713622076
634,11,0.06736598194059382,0.5454545454545454,-0.005718359306234825
635,11,0.06446312940726509,0.6363636363636364,-0.007237170415438598
636,11,0.035734081939908895,0.5454545454545454,-0.00557506584136
637,11,0.02232835865402165,0.7272727272727273,-0.0054315717317438
638,11,0.05236345383559817,0.7272727272727273,-0.005393045627637825
639,11,0.0064509557981709004,0.45454545454545453,-0.029474478175787
640,11,0.0496270084859635,0.45454545454545453,-0.0072371704154385996
641,11,0.03822920680693315,0.5454545454545454,-0.004294303432930503
642,11,0.042734930225518816,0.6363636363636364,-0.017496873526357825
643,11,0.0593814657492888,0.45454545454545453,-0.0006020741722028017
644,11,0.054791101127607204,0.6363636363636364,-0.0065075068135794
645,11,0.06338122021185125,0.7272727272727273,-0.003788273820271401
646,11,0.0549725221947237,0.45454545454545453,-0.0058577246117098
647,11,-0.01063831091406075,0.36363636363636365,-0.02386349197520315
648,11,0.010444236188433499,0.5454545454545454,-0.0037882738202714
649,11,0.016216838889591,0.5454545454545454,-0.0229669713622076
650,11,0.06420329630571009,0.6363636363636364,-0.00016139716737179934
651,11,0.003959745919622723,0.6363636363636364,-0.005536539737254025
652,11,0.0536912131780477,0.5454545454545454,-0.0065075068135794
653,11,0.057809767279560775,0.8181818181818182,-0.003287499427795399
654,11,0.07482165577348851,0.8181818181818182,-0.003788273820271401
655,11,0.07736020526022575,0.5454545454545454,-0.005756885410340799
656,11,0.0440836814648955,0.6363636363636364,-0.0175353996304638
657,11,0.0220536394002473,0.36363636363636365,-0.0036894934715931
658,11,0.06612072454085546,0.8181818181818182,-0.0034875795562005
659,11,0.0871669073019572,0.5454545454545454,-0.00020008012840509737
660,11,0.017015337807218672,0.7272727272727273,-0.0037882738202714
661,11,0.01421410256017835,0.45454545454545453,-0.0055324109331127995
662,11,0.0633755001043305,0.5454545454545454,-0.0070757732480668
663,11,0.015380300875612176,0.5454545454545454,-0.0039890341622184
664,11,0.022839247448810943,0.7272727272727273,-0.005613391300724599
665,11,0.08529025906256525,0.6363636363636364,-0.00020008012840509737
666,11,0.010945979595081229,0.5454545454545454,-0.017496873526357825
667,11,0.021739829462181247,0.6363636363636364,-0.0034488965951672
668,11,0.041772050262531696,0.5454545454545454,-0.0240429064440432
669,11,0.05652855254480395,0.6363636363636364,-0.0065075068135794
670,11,0.0334629967000361,0.45454545454545453,-0.005624581851410899
671,11,0.027797965639094972,0.5454545454545454,-0.006468980709473425
672,11,0.0515734450179645,0.7272727272727273,-0.0240429064440432
673,11,0.007468273980743201,0.45454545454545453,-0.0073163701244927
674,11,0.04338381685031355,0.5454545454545454,-0.0065075068135794
675,11,0.011738134379458148,0.45454545454545453,-0.006751840124564599
676,11,0.049708341361632005,0.36363636363636365,-0.0073163701244927
677,11,0.012092175827295274,0.45454545454545453,-0.010243190983237626
678,11,0.047794702997970576,0.7272727272727273,-0.005393045627637825
679,11,0.02721255965868885,0.45454545454545453,-0.003788273820271401
680,11,0.02383290404755335,0.5454545454545454,-0.0072371704154385996
681,11,0.007607463304430652,0.5454545454545454,-0.012120898114303998
682,11,0.06694340974619804,0.6363636363636364,-0.0003614772957769019
683,11,0.03744278029927119,0.5454545454545454,-0.005615535886299402
684,11,0.04846552937069875,0.7272727272727273,-0.00046734665162579975
685,11,-0.018531959671493854,0.18181818181818182,-0.0296179722854032
686,11,0.0328924345501853,0.45454545454545453,-0.0065075068135794
687,11,0.0453860516980107,0.6363636363636364,-0.0066893263825601994
688,11,0.0849492297731189,0.8181818181818182,-0.00024059687642589977
689,11,0.06394496672068395,0.45454545454545453,-0.0065075068135794
690,11,0.08844010052081032,0.8181818181818182,-0.00016139716737180107
691,11,0.028358206606585203,0.45454545454545453,-0.0065075068135794
692,11,0.0774678199866715,0.6363636363636364,-0.0067901655839292
693,11,0.0605180751200695,0.6363636363636364,-0.0240429064440432
694,11,0.07983551396712744,0.7272727272727273,-0.0034488965951672
695,11,0.051796682500666845,0.5454545454545454,-0.0038895735999981973
696,11,0.061360198016591594,0.7272727272727273,-0.0054315717317438
697,11,0.01957278863750085,0.5454545454545454,-0.017860713309060798
698,11,0.017557538673033852,0.5454545454545454,-0.0229669713622076
699,11,0.06683227277662271,0.8181818181818182,-0.0240429064440432
700,11,0.0611999551810624,0.5454545454545454,-0.007075773248066797
701,11,0.06790229841865797,0.7272727272727273,-0.0001613971673717976
702,11,0.051791534473706026,0.7272727272727273,-0.0003614772957769002
703,11,0.03141243422438865,0.5454545454545454,-0.0065075068135794
704,11,0.03476228648500805,0.45454545454545453,-0.004345256237812199
705,11,0.012942591405630801,0.5454545454545454,-0.011939078545323199
706,11,0.058126302015982866,0.7272727272727273,-0.006468980709473425
707,11,-0.002064027502222901,0.5454545454545454,-0.0194155607122907
708,11,0.038335580521626646,0.7272727272727273,-0.007237170415438601
709,11,0.0478627510915632,0.6363636363636364,-0.0229669713622076
710,11,0.009472222143021073,0.5454545454545454,-0.023253758936698624
711,11,-0.021063387322863756,0.2727272727272727,-0.024415250488016352
712,11,0.0558538473616687,0.5454545454545454,-0.0034488965951672
713,11,0.03914037245012737,0.5454545454545454,-0.0006012356001209
714,11,0.031114213594750074,0.5454545454545454,-0.006612474819089625
715,11,0.0300699928966532,0.45454545454545453,-0.0040850787217621
716,11,0.043367224534158505,0.5454545454545454,-0.0178180584008136
717,11,0.040919977200508245,0.5454545454545454,-0.0009034486498156
718,11,0.1054130101454689,0.7272727272727273,-0.0032874994277953956
719,11,0.03213835536512795,0.36363636363636365,-0.0054315717317438
720,11,0.06888251619336798,0.8181818181818182,-0.006468980709473425
721,11,0.022396845791783776,0.5454545454545454,-0.024147874449553422
722,11,0.031715583699917074,0.6363636363636364,-0.017496873526357825
723,11,0.04767531201677145,0.5454545454545454,-0.0175353996304638
724,11,-0.0129680847909629,0.45454545454545453,-0.029799791854384
725,11,0.04183480294744556,0.8181818181818182,-0.0065075068135794
726,11,0.04082748308065677,0.6363636363636364,-0.00020008012840509737
727,11,0.045214123054783374,0.6363636363636364,-0.0034488965951672
728,11,0.09176667558975271,0.6363636363636364,0.0
729,11,0.06242439151487291,0.6363636363636364,-0.0229669713622076
730,11,0.0725713094297841,0.45454545454545453,-0.011939078545323199
731,11,0.05406154842656765,0.6363636363636364,-0.0054315717317438
732,11,0.0559281662640786,0.6363636363636364,-0.0065075068135794
733,11,0.04651598736349665,0.5454545454545454,-0.0001613971673717976
734,11,0.09002922220481785,0.9090909090909091,-0.00020008012840509737
735,11,-0.005004481030929651,0.36363636363636365,-0.024224726013024
736,11,0.009897326171602622,0.5454545454545454,-0.017640367635974024
737,11,0.07933969070934642,0.7272727272727273,-0.006468980709473425
738,11,0.0803361806860151,0.8181818181818182,-0.0032874994277954026
739,11,0.026995787235084275,0.5454545454545454,-0.017496873526357825
740,11,0.0564923531191982,0.5454545454545454,-0.0082421884297416
741,11,0.019445422591712724,0.5454545454545454,-0.017496873526357825
742,11,0.04611573981759255,0.45454545454545453,-0.005664751114983352
743,11,0.090781024273272,0.6363636363636364,-0.0230678105635766
744,11,0.07163382877213481,0.8181818181818182,-0.003287499427795399
745,11,0.039678707447134906,0.5454545454545454,-0.0037281764326263997
746,11,0.06519146270119618,0.9090909090909091,0.0
747,11,0.06044467284654935,0.6363636363636364,-0.0054315717317438
748,11,0.05759089903836442,0.7272727272727273,-0.006468980709473425
749,11,0.08626788773738249,0.8181818181818182,-0.00020008012840509737
750,11,0.0739859626461787,0.8181818181818182,-0.0034875795562005
751,11,0.08003036069318001,0.6363636363636364,-0.0240429064440432
752,11,0.0370934016382092,0.5454545454545454,-0.0175353996304638
753,11,0.059059279186613196,0.5454545454545454,-0.00557506584136
754,11,0.0536326540752276,0.6363636363636364,-0.0034488965951672
755,11,0.0306156461304556,0.5454545454545454,-0.0067901655839292
756,11,0.0655698166320538,0.7272727272727273,-0.0054315717317438
757,11,0.057955087595342555,0.5454545454545454,-0.0177172191994446
758,11,0.043002499649704304,0.5454545454545454,-0.0240429064440432
759,11,0.0250424222155926,0.7272727272727273,-0.029474478175787
760,11,0.04999520765695095,0.7272727272727273,-0.00030594948425399955
761,11,0.0651305958889512,0.6363636363636364,-0.0240429064440432
762,11,0.049005307493576754,0.45454545454545453,-0.0054315717317438
763,11,0.028443382115283376,0.6363636363636364,-0.023110264827082425
764,11,0.051583969588579554,0.6363636363636364,-0.024276085827282752
765,11,0.03289223266444565,0.5454545454545454,-0.004028870696697301
766,11,0.014220306886923674,0.45454545454545453,-0.022928445258101626
767,11,0.008983354049382952,0.5454545454545454,-0.0065075068135794
768,11,0.07331939071123444,0.7272727272727273,-0.003949670987643199
769,11,0.031682368310191424,0.6363636363636364,-0.011900552441217224
770,11,0.004996500571489922,0.5454545454545454,-0.005393045627637825
771,11,0.08349812372431756,0.8181818181818182,-0.003949670987643199
772,11,0.06219794379589112,0.8181818181818182,-0.017496873526357825
773,11,0.0436627564326809,0.5454545454545454,-0.0065075068135794
774,11,0.035026533464822325,0.6363636363636364,-0.006650800278454225
775,11,0.0511354157211914,0.5454545454545454,-0.0034488965951672
776,11,0.017700825925753602,0.45454545454545453,-0.0036444017169311
777,11,0.0795181574860471,0.8181818181818182,-0.003528096304221299
778,11,0.010787998131141348,0.45454545454545453,-0.0066510009231956
779,11,0.06320777442795156,0.6363636363636364,0.0
780,11,0.037763100001564,0.45454545454545453,-0.029474478175787
781,11,0.0313137365859483,0.36363636363636365,-0.0034875795562005
782,11,0.06297994286957272,0.8181818181818182,-0.017640367635974024
783,11,0.052920373108948295,0.6363636363636364,-0.00020008012840510084
784,11,0.055270565449606845,0.7272727272727273,-0.004028870696697301
785,11,0.0380187861781552,0.5454545454545454,-0.024224726013024
786,11,0.03129447053167617,0.7272727272727273,-0.006569819910842425
787,11,0.01766412258752372,0.6363636363636364,-0.0039883539486765
788,11,0.03760962207149965,0.8181818181818182,0.0
789,11,0.07635117483072046,0.36363636363636365,-0.01231142258929635
790,11,-0.011624794905352627,0.45454545454545453,-0.028201587431406428
791,11,0.03818771226956095,0.36363636363636365,-0.0240429064440432
792,11,0.0024043930874962684,0.5454545454545454,-0.024186199908918023
793,11,0.023855940225590098,0.45454545454545453,-0.0229669713622076
794,11,0.05532705414709337,0.7272727272727273,-0.0003955852501690005
795,11,0.065922057329853,0.5454545454545454,-0.0066510009231956
796,11,0.08879066505130366,0.8181818181818182,-0.00020008012840509737
797,11,0.012249813326056,0.2727272727272727,-0.0229669713622076
798,11,0.03431952626236935,0.45454545454545453,-0.012376799460548052
799,11,0.04152637798248712,0.6363636363636364,-0.005493884829006825
800,11,0.05942246143005188,0.5454545454545454,-0.006468980709473425
801,11,0.030118975355952402,0.7272727272727273,-0.0240429064440432
802,11,0.009206142793613098,0.45454545454545453,-0.0243682201226402
803,11,0.07933105740893663,0.6363636363636364,-0.0054315717317438
804,11,0.04171929792122245,0.5454545454545454,-0.011939078545323199
805,11,0.06404707902687,0.7272727272727273,-0.0066083460149483995
806,11,0.0668961640199489,0.6363636363636364,-0.0054315717317438
807,11,0.056924761617517076,0.7272727272727273,-0.003788273820271401
808,11,0.11332929160248614,0.8181818181818182,-0.0055324109331127995
809,11,0.033903292822386945,0.5454545454545454,-0.003287499427795399
810,11,0.01501500071406245,0.2727272727272727,-0.01603959902192275
811,11,-0.012658362645700754,0.36363636363636365,-0.019829474630260052
812,11,0.07427933506405054,0.7272727272727273,-0.0003569022891357007
813,11,0.039517174780705544,0.5454545454545454,-0.011939078545323199
814,11,0.07804898318694108,0.5454545454545454,-0.017496873526357825
815,11,0.040318122839011976,0.45454545454545453,-0.017779532296707624
816,11,0.03378135642533457,0.45454545454545453,-0.023029284459470625
817,11,0.06787381658767165,0.5454545454545454,-0.0070757732480668
818,11,0.030332528117000174,0.6363636363636364,-0.017640367635974024
819,11,0.0674779114788964,0.7272727272727273,-0.00557506584136
820,11,0.017122981872451825,0.5454545454545454,-0.012082372010198024
821,11,0.09906824981007395,0.9090909090909091,0.0
822,11,0.06432329096733415,0.6363636363636364,-0.0054315717317438
823,11,0.02827342345675148,0.6363636363636364,-0.024186199908918023
824,11,0.032279402034182995,0.6363636363636364,-0.0177172191994446
825,11,0.03562957859188937,0.5454545454545454,-0.006468980709473425
826,11,-0.00538351414375415,0.36363636363636365,-0.009901560707244352
827,11,0.005747601923095371,0.5454545454545454,-0.017678693095338625
828,11,0.09541958800833532,0.6363636363636364,-0.00020008012840510084
829,11,-0.0017769773370502973,0.5454545454545454,-0.012235422868456098
830,11,0.09166397034360504,0.6363636363636364,-0.0054315717317438
831,11,0.009978307629599423,0.5454545454545454,-0.006468980709473425
832,11,0.0695379496361064,0.5454545454545454,-0.0065075068135794
833,11,0.04978263034713585,0.6363636363636364,-0.0065075068135794
834,11,0.04976626606465147,0.7272727272727273,-0.024004380339937223
835,11,0.03442706781334048,0.6363636363636364,-0.007477767291864499
836,11,0.04228626666361862,0.6363636363636364,-0.005393045627637825
837,11,0.0209683337228131,0.45454545454545453,-0.0120825726549394
838,11,0.03144824141911882,0.5454545454545454,-0.005393045627637825
839,11,0.0647956248333104,0.6363636363636364,-0.0054315717317438
840,11,0.04647104603132965,0.7272727272727273,-0.0240429064440432
841,11,0.0056077189552707005,0.45454545454545453,-0.0057142305020936
842,11,0.05509864661451605,0.5454545454545454,-0.0070757732480668
843,11,0.06465319730287974,0.7272727272727273,0.0
844,11,0.022678061222409326,0.6363636363636364,-0.017496873526357825
845,11,0.017450040779407247,0.6363636363636364,-0.0065075068135794
846,11,0.05606425954427645,0.45454545454545453,-0.003648976723572301
847,11,0.022196686358271798,0.6363636363636364,0.0
848,11,0.034889026039746,0.5454545454545454,-0.0242059087403737
849,11,0.04792645828743015,0.6363636363636364,-0.0001905244749923518
850,11,0.08987792075680415,0.7272727272727273,-0.000100839201369
851,11,0.026964847434108322,0.7272727272727273,-0.024004380339937223
852,11,0.05880435852214647,0.8181818181818182,-0.017496873526357825
853,11,0.0908314613316989,0.45454545454545453,-0.004183859070440402
854,11,0.03823137211816127,0.5454545454545454,-0.006468980709473425
855,11,0.03118741375660945,0.7272727272727273,-0.0034875795562005
856,11,0.0060749011247156716,0.5454545454545454,-0.004094223304525399
857,11,0.0277115464430811,0.6363636363636364,-0.024224726013024
858,11,0.0786377938743031,0.45454545454545453,-0.0054315717317438
859,11,0.10129951873257655,0.8181818181818182,-0.00020008012840510084
860,11,0.0319877428718868,0.36363636363636365,-0.0240429064440432
861,11,-0.017866012983486872,0.36363636363636365,-0.021489492596327476
862,11,0.0566342103238985,0.5454545454545454,-0.0065075068135794
863,11,0.03144558282730295,0.45454545454545453,-0.0066083460149483995
864,11,0.06044323274480767,0.6363636363636364,-0.005393045627637825
865,11,0.04700936256073231,0.45454545454545453,-0.0241864005536594
866,11,0.0162268884218526,0.36363636363636365,-0.0036489767235723
867,11,0.026370404833074804,0.5454545454545454,-0.017779732941448998
868,11,0.05520035628292825,0.5454545454545454,-0.0054315717317438
869,11,0.03160699993078352,0.45454545454545453,-0.006713314020458625
870,11,0.0383670903900937,0.36363636363636365,-0.004149751116048296
871,11,0.1083702537151748,0.5454545454545454,-0.0032874994277954026
872,11,0.02110021837044275,0.5454545454545454,-0.000305949484254
873,11,0.0763638895677022,0.6363636363636364,-0.0001613971673718002
874,11,0.008097354263219801,0.7272727272727273,-0.0175353996304638
875,11,0.0403963848529769,0.7272727272727273,-0.0240429064440432
876,11,0.018755007323428496,0.36363636363636365,-0.005759029995915602
877,11,0.021611647250698075,0.5454545454545454,-0.017496873526357825
878,11,0.05181102837469988,0.7272727272727273,-0.0035280963042213023
879,11,0.04023864021385525,0.6363636363636364,-0.00952789011413565
880,11,0.03977070858967616,0.5454545454545454,-0.0037281764326263962
881,11,0.0673471567974027,0.7272727272727273,-0.0054315717317438
882,11,0.04246869940067648,0.7272727272727273,-0.024004380339937223
883,11,0.008627768203412753,0.5454545454545454,-0.0229669713622076
884,11,0.040628368170641076,0.45454545454545453,-0.011900552441217224
885,11,0.0470734838648003,0.5454545454545454,-0.017638383417407602
886,11,0.032613635036855194,0.6363636363636364,-0.0065075068135794
887,11,0.04139408749718755,0.5454545454545454,-0.0042289508251024
888,11,0.110510974431316,0.5454545454545454,-0.000426152879966
889,11,0.0451959827019672,0.5454545454545454,-0.0065075068135794
890,11,0.07134119579125879,0.6363636363636364,-0.003287499427795399
891,11,0.09116573902917771,0.6363636363636364,-0.0065075068135794
892,11,0.04132902986049295,0.6363636363636364,-0.007275853376471901
893,11,0.027231765799951974,0.7272727272727273,-0.005393045627637825
894,11,0.015434189467510802,0.5454545454545454,-0.0296562977447678
895,11,0.06840424969241127,0.7272727272727273,-0.00020008012840510084
896,11,-0.009610952587337929,0.2727272727272727,-0.029435952071681024
897,11,0.013453616360615924,0.5454545454545454,-0.005393045627637825
898,11,0.04864570152544234,0.45454545454545453,-0.0072371704154385996
899,11,0.07444780559675554,0.8181818181818182,0.0
900,11,0.024125153538658222,0.5454545454545454,-0.005393045627637825
901,11,0.07677742864915635,0.7272727272727273,-8.968527362335135e-05
902,11,0.10780053087953975,0.9090909090909091,-0.0054315717317438
903,11,0.0434021146058458,0.5454545454545454,-0.012039917746692198
904,11,0.06447487266828192,0.8181818181818182,0.0
905,11,0.027366069300770252,0.6363636363636364,-0.0175353996304638
906,11,0.052440318803003975,0.7272727272727273,-0.0001613971673717976
907,11,0.022523381358531828,0.5454545454545454,-0.017496873526357825
908,11,0.11372428993025688,0.8181818181818182,0.0
909,11,0.07302536504555794,0.5454545454545454,-0.006879850857552551
910,11,0.08974390038274496,0.6363636363636364,-0.0006020741722027947
911,11,0.07883068909200924,0.7272727272727273,-0.00010083920136900001
912,11,0.008160031823830448,0.45454545454545453,-0.004390347992474199
913,11,0.08400020472975395,0.6363636363636364,-0.003788273820271401
914,11,0.0575252063682989,0.5454545454545454,-0.0066893263825601994
915,11,0.041620733430031906,0.5454545454545454,-0.0175353996304638
916,11,0.0699423670814447,0.6363636363636364,-0.0054315717317438
917,11,0.0641181734787229,0.5454545454545454,-0.0175353996304638
918,11,0.029331573620823097,0.6363636363636364,-0.0066510009231956
919,11,0.04251108265638482,0.36363636363636365,-0.007075773248066797
920,11,0.007727541816958148,0.45454545454545453,-0.0175353996304638
921,11,-0.016148340072855524,0.36363636363636365,-0.023657049428904828
922,11,0.007386555988794549,0.45454545454545453,-0.0065075068135794
923,11,0.058289440529928946,0.7272727272727273,-0.0054315717317438
924,11,0.010803993278666423,0.45454545454545453,-0.0056262250108773774
925,11,0.06579323918996258,0.6363636363636364,-0.00040199404379770085
926,11,0.015384084533430827,0.45454545454545453,-0.012001391642586224
927,11,0.03733312866573233,0.45454545454545453,-0.011900552441217224
928,11,0.042821450581868904,0.6363636363636364,-0.0032874994277954026
929,11,0.022698767262499798,0.45454545454545453,-0.0054315717317438
930,11,0.052252818849335206,0.6363636363636364,-0.0003059494842540004
931,11,0.07509107441474062,0.8181818181818182,-0.00020008012840510084
932,11,0.046758107728973604,0.6363636363636364,-0.0066893263825601994
933,11,0.08221806706538401,0.5454545454545454,-0.0073163701244927
934,11,0.0688931218082461,0.7272727272727273,-0.0001613971673717976
935,11,0.025366281822517902,0.6363636363636364,-0.0037882738202714
936,11,0.014225776132259001,0.6363636363636364,-0.0065075068135794
937,11,0.036741766728148925,0.6363636363636364,-0.011900552441217224
938,11,0.010710962728866121,0.45454545454545453,-0.023029284459470625
939,11,0.006025443010072002,0.36363636363636365,-0.0229669713622076
940,11,0.05271845471812685,0.36363636363636365,-0.0065075068135794
941,11,0.0352106368561359,0.6363636363636364,-0.012084717240514202
942,11,0.0217760913441956,0.7272727272727273,-0.0037882738202713994
943,11,0.024792583890154152,0.6363636363636364,-0.0001905244749923518
944,11,0.06051966684697101,0.6363636363636364,-0.0066893263825601994
945,11,0.05270016364009351,0.45454545454545453,-0.0067901655839292
946,11,0.02531726382695365,0.45454545454545453,-0.01221058338792735
947,11,0.06362329699946746,0.7272727272727273,-0.0035280963042213023
948,11,0.056229755456159776,0.6363636363636364,-0.007275853376471894
949,11,0.07593029522646359,0.6363636363636364,-0.00020008012840510084
950,11,-0.006016119375174053,0.18181818181818182,-0.029808496760395552
951,11,0.025918657641182404,0.6363636363636364,-0.0176362388318328
952,11,0.010932825047163976,0.6363636363636364,-0.0037882738202713994
953,11,0.048940475215047324,0.8181818181818182,0.0
954,11,0.0544024298685776,0.7272727272727273,-0.00010083920136900001
955,11,0.045725150600935946,0.45454545454545453,-0.012039917746692198
956,11,0.09098774124446664,0.6363636363636364,-0.003988353948676502
957,11,0.049688708312845706,0.6363636363636364,-0.0066893263825601994
958,11,0.061944577035390504,0.6363636363636364,-0.0054315717317438
959,11,0.05197003488143248,0.8181818181818182,-0.017496873526357825
960,11,0.0387797520470193,0.7272727272727273,-0.0039496709876432
961,11,0.0768881432735105,0.6363636363636364,-0.0054315717317438
962,11,0.0565546184195,0.5454545454545454,-0.029474478175787
963,11,0.08273716590199783,0.7272727272727273,-0.006468980709473425
964,11,0.02885620802923035,0.5454545454545454,-0.0175353996304638
965,11,0.04057406570375445,0.5454545454545454,-0.017860713309060798
966,11,0.01570156874558275,0.6363636363636364,-0.003648976723572301
967,11,0.036202315691901826,0.5454545454545454,-0.023071939367717825
968,11,0.029421152838287973,0.45454545454545453,-0.017640367635974024
969,11,0.10081330537887806,0.7272727272727273,-0.0034488965951672
970,11,0.02728315321677985,0.6363636363636364,-0.0175353996304638
971,11,0.0005092611789569984,0.45454545454545453,-0.0237057733487292
972,11,0.1162870281390244,0.7272727272727273,-0.0054315717317438
973,11,0.06488602598892075,0.8181818181818182,-0.0001818195689808
974,11,0.05037342155889098,0.5454545454545454,-0.005393045627637825
975,11,0.0667183047363557,0.6363636363636364,-0.0229669713622076
976,11,0.045074926561727825,0.45454545454545453,-0.005675704397987626
977,11,0.03792449633563462,0.5454545454545454,-0.011900552441217224
978,11,0.0031818332428373264,0.45454545454545453,-0.023018130531724978
979,11,0.04660859925026,0.5454545454545454,-0.0039883539486764985
980,11,0.053957592937097745,0.45454545454545453,-0.011939078545323199
981,11,0.1113414350549485,0.9090909090909091,-0.00020008012840509737
982,11,0.05814868565380651,0.45454545454545453,-0.0130847497989604
983,11,0.013447663598449098,0.45454545454545453,-0.011939078545323199
984,11,0.06715979280720895,0.5454545454545454,-0.0065075068135794
985,11,-0.013992882267090048,0.36363636363636365,-0.02199699642979525
986,11,0.04972502729321162,0.7272727272727273,-0.0032874994277954026
987,11,0.0380774451244447,0.6363636363636364,-0.029474478175787
988,11,0.058101554654495305,0.45454545454545453,-0.011939078545323199
989,11,0.10925842958752485,0.8181818181818182,0.0
990,11,0.04532383230409788,0.6363636363636364,-0.017496873526357825
991,11,-0.010554534360335849,0.45454545454545453,-0.0230678105635766
992,11,0.026312530377784207,0.45454545454545453,-0.003648976723572301
993,11,0.0038674681391482188,0.36363636363636365,-0.022928445258101626
994,11,0.041460072782319,0.7272727272727273,-0.0040942233045254
995,11,0.001986632132692325,0.5454545454545454,-0.011900552441217224
996,11,0.033015687003023174,0.6363636363636364,-0.006650800278454225
997,11,0.09251892340601964,0.9090909090909091,-0.00024059687642589977
998,11,0.08092639356253994,0.6363636363636364,-0.0054315717317438
999,11,0.03474959781212332,0.6363636363636364,-0.006468980709473425
