period,portfolio_return,cumulative_net_return,drawdown
2018-01-04,0.00026072,0.00026072,0.0
2018-01-09,0.0025047,0.00276542,0.0
2018-01-11,0.00528935,0.00805477,0.0
2018-01-12,-0.00518288,0.00287189,-0.00518288
2018-01-16,0.00416321,0.0070351,-0.00101967
2018-01-17,-0.0153808,-0.0083457,-0.01640047
2018-01-23,0.01439592,0.00605022,-0.00200456
2018-01-31,0.0054358,0.01148602,0.0
2018-02-01,-0.00913174,0.00235428,-0.00913174
2018-02-02,0.00450775,0.00686203,-0.00462399
2018-02-05,0.07793868,0.08480071,0.0
2018-02-06,0.02331756,0.10811828,0.0
2018-02-08,0.09664377,0.20476205,0.0
2018-02-09,0.04663919,0.25140124,0.0
2018-02-13,-0.00016768,0.25123356,-0.00016768
2018-02-15,-0.00035658,0.25087698,-0.00052426
2018-02-21,-0.00213271,0.24874427,-0.00265697
2018-02-23,-0.00984833,0.23889594,-0.0125053
2018-02-26,-0.00633317,0.23256278,-0.01883846
2018-03-01,-0.00162423,0.23093854,-0.02046269
2018-03-02,-0.00037716,0.23056138,-0.02083986
2018-03-05,0.00018266,0.23074405,-0.02065719
2018-03-06,-0.00214708,0.22859696,-0.02280428
2018-03-07,0.0019991,0.23059607,-0.02080517
2018-03-08,-0.01615462,0.21444144,-0.0369598
2018-03-09,-0.0196444,0.19479704,-0.0566042
2018-03-12,-0.01338922,0.18140782,-0.06999342
2018-03-13,-0.00510831,0.17629951,-0.07510172
2018-03-16,-0.01058609,0.16571342,-0.08568782
2018-03-19,-0.02211808,0.14359534,-0.1078059
2018-03-20,-0.01436829,0.12922705,-0.12217419
2018-03-21,-0.00014462,0.12908243,-0.12231881
2018-03-22,-0.00057882,0.12850361,-0.12289763
2018-03-23,0.01779481,0.14629843,-0.10510281
2018-03-26,-0.00871904,0.13757938,-0.11382186
2018-03-27,0.00616374,0.14374312,-0.10765812
2018-03-28,0.08722423,0.23096735,-0.02043389
2018-04-02,0.00670891,0.23767627,-0.01372497
2018-04-03,-0.00401228,0.23366399,-0.01773725
2018-04-04,0.00909607,0.24276006,-0.00864118
2018-04-06,-0.00172951,0.24103055,-0.01037069
2018-04-09,-0.00075404,0.2402765,-0.01112474
2018-04-10,0.00028833,0.24056483,-0.01083641
2018-04-11,-0.00301819,0.23754664,-0.0138546
2018-04-12,-0.00054634,0.23700031,-0.01440093
2018-04-18,-0.00127893,0.23572137,-0.01567987
2018-04-19,-0.00204911,0.23367226,-0.01772898
2018-04-20,0.01134859,0.24502085,-0.00638039
2018-04-24,0.01453095,0.2595518,0.0
2018-04-25,0.02296109,0.28251289,0.0
2018-04-26,0.08495448,0.36746737,0.0
2018-04-27,0.0072373,0.37470467,0.0
2018-05-01,0.00020447,0.37490915,0.0
2018-05-02,0.00611068,0.38101982,0.0
2018-05-03,0.00062523,0.38164506,0.0
2018-05-04,-0.00025814,0.38138692,-0.00025814
2018-05-08,-0.00267546,0.37871146,-0.00293359
2018-05-09,0.03721103,0.4159225,0.0
2018-05-10,0.00493359,0.42085608,0.0
2018-05-11,-0.0055973,0.41525878,-0.0055973
2018-05-14,-0.00200089,0.41325789,-0.0075982
2018-05-15,-0.00158633,0.41167156,-0.00918452
2018-05-16,0.05831676,0.46998832,0.0
2018-05-17,0.05770532,0.52769365,0.0
2018-05-18,0.02234984,0.55004349,0.0
2018-05-21,0.00041087,0.55045436,0.0
2018-05-22,-0.00458459,0.54586977,-0.00458459
2018-05-23,0.05519692,0.60106669,0.0
2018-05-24,0.02834193,0.62940862,0.0
2018-05-25,0.01129254,0.64070116,0.0
2018-05-29,7.691e-05,0.64077807,0.0
2018-05-30,0.00453151,0.64530957,0.0
2018-05-31,-0.00273231,0.64257726,-0.00273231
2018-06-01,0.00779699,0.65037425,0.0
2018-06-04,0.01750188,0.66787613,0.0
2018-06-05,0.00267253,0.67054866,0.0
2018-06-06,0.00668626,0.67723491,0.0
2018-06-11,-0.01245787,0.66477704,-0.01245787
2018-06-12,-0.01291227,0.65186477,-0.02537014
2018-06-13,-0.00894259,0.64292218,-0.03431274
2018-06-14,0.00310465,0.64602683,-0.03120809
2018-06-15,0.00469774,0.65072457,-0.02651035
2018-06-18,0.00519628,0.65592084,-0.02131407
2018-06-19,3.232e-05,0.65595316,-0.02128175
2018-06-20,0.0048726,0.66082576,-0.01640915
2018-06-22,0.00058338,0.66140915,-0.01582577
2018-06-25,0.00862268,0.67003183,-0.00720309
2018-06-26,-6.034e-05,0.66997149,-0.00726343
2018-06-27,-0.00027685,0.66969464,-0.00754027
2018-06-29,-6.949e-05,0.66962515,-0.00760977
2018-07-02,-0.00460405,0.66502109,-0.01221382
2018-07-03,-0.00702308,0.65799802,-0.0192369
2018-07-05,0.00012848,0.6581265,-0.01910842
2018-07-06,-0.00018834,0.65793816,-0.01929675
2018-07-13,-0.00021015,0.65772801,-0.01950691
2018-07-17,-0.00144084,0.65628716,-0.02094775
2018-07-18,-4.266e-05,0.6562445,-0.02099041
2018-07-19,0.0002238,0.6564683,-0.02076661
2018-07-20,0.00018218,0.65665048,-0.02058443
2018-07-23,-0.0012918,0.65535869,-0.02187623
2018-07-24,-0.0314861,0.62387258,-0.05336233
2018-07-25,-0.01559345,0.60827913,-0.06895578
2018-07-26,0.03304454,0.64132368,-0.03591124
2018-07-27,-0.00915378,0.63216989,-0.04506502
2018-08-01,0.00475017,0.63692007,-0.04031485
2018-08-02,-0.03165231,0.60526776,-0.07196716
2018-08-03,0.00531846,0.61058622,-0.06664869
2018-08-06,-0.01083886,0.59974736,-0.07748755
2018-08-07,-0.04662911,0.55311826,-0.12411666
2018-08-08,-0.0108372,0.54228105,-0.13495386
2018-08-09,-0.02639928,0.51588178,-0.16135314
2018-08-10,-0.00317429,0.51270748,-0.16452743
2018-08-13,-0.01646735,0.49624014,-0.18099478
2018-08-14,-0.00368477,0.49255536,-0.18467955
2018-08-15,-0.00803696,0.4845184,-0.19271651
2018-08-17,-0.0191872,0.46533121,-0.21190371
2018-08-22,-0.00650316,0.45882805,-0.21840687
2018-08-23,-0.02882508,0.43000297,-0.24723194
2018-08-24,-0.00060469,0.42939829,-0.24783663
2018-08-27,-0.01435238,0.41504591,-0.26218901
2018-08-28,-0.01634909,0.39869682,-0.27853809
2018-08-29,-0.00730366,0.39139316,-0.28584175
2018-08-30,-0.01773188,0.37366128,-0.30357363
2018-08-31,-0.02543038,0.3482309,-0.32900401
2018-09-04,-0.0434872,0.3047437,-0.37249121
2018-09-05,-0.00510826,0.29963544,-0.37759948
2018-09-06,-0.02121994,0.2784155,-0.39881942
2018-09-07,-0.00602859,0.27238691,-0.40484801
2018-09-10,-0.01587481,0.2565121,-0.42072281
2018-09-11,-0.0181813,0.2383308,-0.43890412
2018-09-12,-0.0356447,0.20268609,-0.47454882
2018-09-13,-0.02601048,0.17667562,-0.5005593
2018-09-14,-0.03631527,0.14036034,-0.53687457
2018-09-17,-0.02057079,0.11978955,-0.55744536
2018-09-18,-0.01367695,0.1061126,-0.57112231
2018-09-19,-0.01198903,0.09412357,-0.58311134
2018-09-20,-0.02238486,0.07173871,-0.6054962
2018-09-21,-0.04270419,0.02903453,-0.64820039
2018-09-24,-0.00678413,0.02225039,-0.65498452
2018-09-25,-0.00890515,0.01334524,-0.66388967
2018-09-26,0.00137189,0.01471713,-0.66251779
2018-09-27,-0.00508628,0.00963085,-0.66760407
2018-09-28,-0.03592798,-0.02629714,-0.70353205
2018-10-01,-0.03059878,-0.05689592,-0.73413083
2018-10-02,0.00319111,-0.05370481,-0.73093973
2018-10-03,-0.0669562,-0.12066101,-0.79789592
2018-10-04,-0.01312556,-0.13378657,-0.81102148
2018-10-05,0.01957273,-0.11421383,-0.79144875
2018-10-08,0.01846905,-0.09574479,-0.7729797
2018-10-09,-0.00065185,-0.09639664,-0.77363155
2018-10-10,-0.04381545,-0.14021208,-0.817447
2018-10-11,-0.04673181,-0.1869439,-0.86417881
2018-10-12,-0.01464708,-0.20159098,-0.87882589
2018-10-15,-0.0014699,-0.20306088,-0.88029579
2018-10-16,-0.01817982,-0.2212407,-0.89847561
2018-10-17,-0.00146931,-0.22271001,-0.89994492
2018-10-18,-0.01198803,-0.23469803,-0.91193295
2018-10-19,-0.00807513,-0.24277316,-0.92000807
2018-10-22,0.01105648,-0.23171669,-0.9089516
2018-10-23,-0.00486119,-0.23657788,-0.91381279
2018-10-24,-0.06173879,-0.29831667,-0.97555158
2018-10-25,-0.01671281,-0.31502948,-0.99226439
2018-10-26,0.02898681,-0.28604267,-0.96327758
2018-10-29,0.0518253,-0.23421736,-0.91145228
2018-10-30,-0.0257387,-0.25995606,-0.93719097
2018-10-31,-0.00262011,-0.26257617,-0.93981108
2018-11-01,0.00634802,-0.25622815,-0.93346306
2018-11-02,-0.03921958,-0.29544772,-0.97268264
2018-11-05,-0.02671445,-0.32216217,-0.99939708
2018-11-06,0.00305515,-0.31910702,-0.99634194
2018-11-07,-0.00988498,-0.328992,-1.00622692
2018-11-08,-0.00239206,-0.33138406,-1.00861897
2018-11-09,0.00024146,-0.3311426,-1.00837751
2018-11-12,-0.02405319,-0.35519579,-1.03243071
2018-11-13,-0.01594586,-0.37114166,-1.04837657
2018-11-14,-0.00032957,-0.37147123,-1.04870615
2018-11-16,-0.01960208,-0.39107331,-1.06830822
2018-11-19,0.01863288,-0.37244043,-1.04967534
2018-11-20,0.00507663,-0.3673638,-1.04459871
2018-11-21,-0.00585009,-0.37321389,-1.0504488
2018-11-23,-0.01143691,-0.3846508,-1.06188571
2018-11-26,-0.00203837,-0.38668917,-1.06392409
2018-11-27,-0.00227784,-0.38896701,-1.06620193
2018-11-28,-0.01291927,-0.40188629,-1.0791212
2018-11-29,-0.00075646,-0.40264275,-1.07987766
2018-11-30,0.00178123,-0.40086152,-1.07809643
2018-12-03,-0.01881765,-0.41967917,-1.09691408
2018-12-04,-0.0031122,-0.42279137,-1.10002629
2018-12-06,-0.00666267,-0.42945404,-1.10668896
2018-12-07,0.02150812,-0.40794593,-1.08518084
2018-12-10,-0.00020021,-0.40814614,-1.08538105
2018-12-11,-0.00234454,-0.41049068,-1.08772559
2018-12-12,-9.231e-05,-0.41058299,-1.08781791
2018-12-13,-0.00353456,-0.41411755,-1.09135247
2018-12-14,-0.00408842,-0.41820598,-1.09544089
2018-12-17,0.01486819,-0.40333778,-1.0805727
2018-12-18,-0.00076446,-0.40410225,-1.08133716
2018-12-19,0.01675027,-0.38735198,-1.06458689
2018-12-20,0.08602744,-0.30132454,-0.97855945
2018-12-21,0.18061987,-0.12070467,-0.79793958
2018-12-24,0.14349045,0.02278577,-0.65444914
2018-12-26,0.11700859,0.13979437,-0.53744055
2018-12-27,-0.00169951,0.13809486,-0.53914006
2018-12-31,-0.0014242,0.13667066,-0.54056426
2019-01-02,-0.00543315,0.13123751,-0.5459974
2019-01-03,0.05593806,0.18717557,-0.49005934
2019-01-04,0.05450542,0.241681,-0.43555392
2019-01-07,-0.00301439,0.2386666,-0.43856831
2019-01-08,-0.00655331,0.23211329,-0.44512162
2019-01-09,-0.00230824,0.22980505,-0.44742987
2019-01-10,-0.00533965,0.22446539,-0.45276952
2019-01-11,0.00065221,0.2251176,-0.45211731
2019-01-14,-0.00416327,0.22095433,-0.45628058
2019-01-15,0.00534668,0.22630101,-0.4509339
2019-01-16,-0.00161013,0.22469088,-0.45254403
2019-01-17,0.06793464,0.29262552,-0.38460939
2019-01-18,-0.03562872,0.2569968,-0.42023811
2019-01-22,-0.01862221,0.23837459,-0.43886032
2019-01-23,0.00120557,0.23958016,-0.43765475
2019-01-24,0.00736545,0.24694561,-0.4302893
2019-01-25,0.01360847,0.26055408,-0.41668083
2019-01-28,0.03341708,0.29397116,-0.38326375
2019-01-29,0.08148229,0.37545346,-0.30178146
2019-01-30,0.07614491,0.45159837,-0.22563655
2019-01-31,-0.00097879,0.45061957,-0.22661534
2019-02-01,0.00025189,0.45087146,-0.22636345
2019-02-04,0.0088143,0.45968576,-0.21754915
2019-02-05,0.00669314,0.4663789,-0.21085601
2019-02-06,0.01826057,0.48463947,-0.19259544
2019-02-07,0.0131157,0.49775517,-0.17947974
2019-02-08,-4.956e-05,0.49770562,-0.1795293
2019-02-11,0.00276982,0.50047543,-0.17675948
2019-02-12,0.03565891,0.53613434,-0.14110057
2019-02-13,-0.00168474,0.5344496,-0.14278531
2019-02-14,0.01233345,0.54678305,-0.13045186
2019-02-15,0.00630648,0.55308953,-0.12414538
2019-02-19,0.01161229,0.56470182,-0.11253309
2019-02-20,0.05394086,0.61864268,-0.05859223
2019-02-21,0.02685964,0.64550232,-0.03173259
2019-02-22,-0.00379649,0.64170583,-0.03552909
2019-02-25,0.01433568,0.65604151,-0.0211934
2019-02-26,0.00821654,0.66425805,-0.01297686
2019-02-27,0.00770183,0.67195988,-0.00527503
2019-02-28,0.01348396,0.68544385,0.0
2019-03-01,0.00244944,0.68789329,0.0
2019-03-04,0.01066551,0.6985588,0.0
2019-03-05,0.01493216,0.71349096,0.0
2019-03-06,0.0227584,0.73624936,0.0
2019-03-07,-0.00359684,0.73265252,-0.00359684
2019-03-08,-0.0034585,0.72919402,-0.00705534
2019-03-11,0.01356955,0.74276357,0.0
2019-03-12,0.00329849,0.74606206,0.0
2019-03-13,-0.00122545,0.74483661,-0.00122545
2019-03-14,0.00155325,0.74638986,0.0
2019-03-15,4.408e-05,0.74643394,0.0
2019-03-18,0.01246278,0.75889672,0.0
2019-03-19,0.02162984,0.78052656,0.0
2019-03-20,2.866e-05,0.78055522,0.0
2019-03-21,0.00160911,0.78216432,0.0
2019-03-22,-0.00102605,0.78113827,-0.00102605
2019-03-25,0.00134957,0.78248785,0.0
2019-03-26,0.00511736,0.78760521,0.0
2019-03-27,-0.00044877,0.78715643,-0.00044877
2019-04-01,-0.00927098,0.77788545,-0.00971976
2019-04-02,0.01105601,0.78894146,0.0
2019-04-03,0.03395572,0.82289718,0.0
2019-04-04,0.01013403,0.83303122,0.0
2019-04-05,0.0093417,0.84237292,0.0
2019-04-08,0.00199616,0.84436908,0.0
2019-04-09,0.00089075,0.84525983,0.0
2019-04-10,0.0006548,0.84591463,0.0
2019-04-11,-0.00116201,0.84475262,-0.00116201
2019-04-15,0.0132524,0.85800502,0.0
2019-04-16,0.00300719,0.86101221,0.0
2019-04-17,0.00676554,0.86777775,0.0
2019-04-18,-1.63e-06,0.86777612,-1.63e-06
2019-04-22,-0.01553735,0.85223877,-0.01553898
2019-04-23,-0.01484296,0.83739581,-0.03038194
2019-04-24,-0.01173371,0.82566211,-0.04211564
2019-04-25,-0.01076274,0.81489937,-0.05287838
2019-04-26,-0.00099962,0.81389975,-0.053878
2019-04-29,0.00320088,0.81710063,-0.05067712
2019-04-30,-0.00286878,0.81423185,-0.0535459
2019-05-01,0.00201027,0.81624211,-0.05153564
2019-05-02,0.01218705,0.82842916,-0.03934859
2019-05-03,0.00871678,0.83714594,-0.03063181
2019-05-06,0.01645182,0.85359775,-0.01418
2019-05-07,0.0128782,0.86647595,-0.0013018
2019-05-08,-0.00069786,0.86577809,-0.00199966
2019-05-09,0.00397965,0.86975773,0.0
2019-05-10,-0.00490204,0.8648557,-0.00490204
2019-05-13,0.02998195,0.89483765,0.0
2019-05-14,0.00096104,0.89579869,0.0
2019-05-15,0.00542378,0.90122247,0.0
2019-05-16,-0.00038806,0.90083441,-0.00038806
2019-05-17,0.01887063,0.91970504,0.0
2019-05-20,0.05483701,0.97454205,0.0
2019-05-21,0.00017591,0.97471796,0.0
2019-05-22,0.00015643,0.97487438,0.0
2019-05-23,0.01466185,0.98953623,0.0
2019-05-24,-0.00038759,0.98914864,-0.00038759
2019-05-28,0.02422604,1.01337468,0.0
2019-05-29,0.02993518,1.04330986,0.0
2019-05-30,-0.0054283,1.03788156,-0.0054283
2019-05-31,0.03392204,1.0718036,0.0
2019-06-03,0.14114601,1.21294962,0.0
2019-06-04,-9.591e-05,1.21285371,-9.591e-05
2019-06-05,7.52e-05,1.21292891,-2.071e-05
2019-06-06,0.00817523,1.22110414,0.0
2019-06-07,0.00387788,1.22498202,0.0
2019-06-10,0.0117914,1.23677341,0.0
2019-06-11,0.00256144,1.23933486,0.0
2019-06-12,-1.328e-05,1.23932158,-1.328e-05
2019-06-13,0.00065836,1.23997993,0.0
2019-06-14,0.01542285,1.25540278,0.0
2019-06-17,0.02691156,1.28231433,0.0
2019-06-18,0.00134801,1.28366235,0.0
2019-06-19,-0.00818021,1.27548214,-0.00818021
2019-06-20,0.00597364,1.28145579,-0.00220656
2019-06-21,-0.00243221,1.27902358,-0.00463877
2019-06-24,-0.00626378,1.27275979,-0.01090255
2019-06-25,-0.00223284,1.27052695,-0.0131354
2019-06-26,-0.00345391,1.26707304,-0.01658931
2019-06-27,-0.00085719,1.26621585,-0.01744649
2019-06-28,0.00090943,1.26712529,-0.01653706
2019-07-01,0.00207685,1.26920213,-0.01446021
2019-07-02,0.00486883,1.27407097,-0.00959138
2019-07-03,-0.00581314,1.26825783,-0.01540452
2019-07-05,0.00500008,1.27325791,-0.01040444
2019-07-08,-0.00075017,1.27250774,-0.01115461
2019-07-09,0.00021656,1.2727243,-0.01093805
2019-07-10,6.294e-05,1.27278724,-0.01087511
2019-07-11,0.00170305,1.27449029,-0.00917206
2019-07-15,-0.00809524,1.26639505,-0.0172673
2019-07-16,0.00830749,1.27470254,-0.00895981
2019-07-17,0.00402846,1.278731,-0.00493135
2019-07-18,0.00990903,1.28864003,0.0
2019-07-19,0.00067148,1.28931151,0.0
2019-07-22,0.00185446,1.29116597,0.0
2019-07-25,0.08053587,1.37170184,0.0
2019-07-26,0.03221424,1.40391608,0.0
2019-07-29,0.00077069,1.40468677,0.0
2019-07-30,0.00494159,1.40962836,0.0
2019-07-31,0.03132046,1.44094882,0.0
2019-08-01,0.02272359,1.4636724,0.0
2019-08-02,0.00421101,1.46788341,0.0
2019-08-05,0.06267641,1.53055982,0.0
2019-08-06,-0.0002677,1.53029213,-0.0002677
2019-08-08,0.00302538,1.53331751,0.0
2019-08-09,0.00924947,1.54256699,0.0
2019-08-12,0.00622133,1.54878832,0.0
2019-08-13,0.01616571,1.56495402,0.0
2019-08-14,0.02072331,1.58567733,0.0
2019-08-15,-8.278e-05,1.58559455,-8.278e-05
2019-08-16,0.05054969,1.63614424,0.0
2019-08-19,0.03478011,1.67092435,0.0
2019-08-21,0.02306032,1.69398467,0.0
2019-08-23,0.06011173,1.7540964,0.0
2019-08-26,0.00233089,1.75642728,0.0
2019-08-27,0.00479745,1.76122473,0.0
2019-08-28,-0.00021888,1.76100586,-0.00021888
2019-08-29,-0.0004671,1.76053876,-0.00068597
2019-08-30,4.191e-05,1.76058067,-0.00064406
2019-09-03,-0.00086816,1.75971251,-0.00151223
2019-09-04,0.00061029,1.7603228,-0.00090194
2019-09-05,0.03286839,1.79319119,0.0
2019-09-06,-0.00036732,1.79282386,-0.00036732
2019-09-09,0.00095292,1.79377678,0.0
2019-09-10,0.01522139,1.80899817,0.0
2019-09-11,0.02185289,1.83085105,0.0
2019-09-12,0.03669489,1.86754594,0.0
2019-09-13,-0.00031136,1.86723458,-0.00031136
2019-09-16,0.00040681,1.8676414,0.0
2019-09-17,0.02352295,1.89116435,0.0
2019-09-18,0.10890115,2.0000655,0.0
2019-09-19,0.12058587,2.12065137,0.0
2019-09-20,0.05443441,2.17508578,0.0
2019-09-23,0.00845436,2.18354015,0.0
2019-09-24,0.06517461,2.24871475,0.0
2019-09-25,-0.00051539,2.24819937,-0.00051539
2019-09-26,0.00043925,2.24863862,-7.614e-05
2019-09-27,-0.00082041,2.24781821,-0.00089654
2019-09-30,0.00141874,2.24923695,0.0
2019-10-01,0.01198608,2.26122302,0.0
2019-10-03,0.03535149,2.29657451,0.0
2019-10-07,-0.00188472,2.29468979,-0.00188472
2019-10-08,0.00436187,2.29905167,0.0
2019-10-09,0.00167722,2.30072889,0.0
2019-10-10,0.000551,2.30127989,0.0
2019-10-11,0.13714798,2.43842787,0.0
2019-10-14,0.00229591,2.44072378,0.0
2019-10-15,0.03625627,2.47698005,0.0
2019-10-16,0.0003387,2.47731874,0.0
2019-10-17,0.00128675,2.4786055,0.0
2019-10-18,0.02366432,2.50226982,0.0
2019-10-21,0.00207292,2.50434273,0.0
2019-10-22,0.00479467,2.5091374,0.0
2019-10-23,0.00050557,2.50964297,0.0
2019-10-24,0.1895751,2.69921808,0.0
2019-10-25,0.15403458,2.85325265,0.0
2019-10-29,0.0098344,2.86308705,0.0
2019-10-30,0.00529582,2.86838287,0.0
2019-11-01,0.00781091,2.87619378,0.0
2019-11-05,0.08571058,2.96190436,0.0
2019-11-06,0.0847507,3.04665506,0.0
2019-11-07,0.00900912,3.05566418,0.0
2019-11-08,0.01290117,3.06856534,0.0
2019-11-11,0.07168495,3.14025029,0.0
2019-11-12,0.18177611,3.3220264,0.0
2019-11-13,0.08186723,3.40389363,0.0
2019-11-14,0.039484,3.44337763,0.0
2019-11-15,0.05623193,3.49960956,0.0
2019-11-18,0.0224707,3.52208025,0.0
2019-11-19,0.01154521,3.53362547,0.0
2019-11-20,0.00138991,3.53501538,0.0
2019-11-22,0.04056894,3.57558432,0.0
2019-11-25,-4.946e-05,3.57553486,-4.946e-05
2019-11-27,0.00673577,3.58227063,0.0
2019-11-29,0.00094723,3.58321786,0.0
2019-12-02,0.04384096,3.62705882,0.0
2019-12-03,0.00250993,3.62956875,0.0
2019-12-04,0.15717417,3.78674292,0.0
2019-12-05,0.19199749,3.97874041,0.0
2019-12-06,0.00352992,3.98227033,0.0
2019-12-09,0.00789654,3.99016687,0.0
2019-12-10,0.04662486,4.03679172,0.0
2019-12-11,0.01716505,4.05395677,0.0
2019-12-12,0.29156151,4.34551828,0.0
2019-12-13,0.03293357,4.37845185,0.0
2019-12-16,0.20603435,4.5844862,0.0
2019-12-17,0.02253009,4.60701629,0.0
2019-12-19,0.0028588,4.60987509,0.0
2019-12-20,0.0378476,4.6477227,0.0
2019-12-23,0.01432576,4.66204846,0.0
2019-12-24,0.07441127,4.73645973,0.0
2019-12-26,0.07682137,4.8132811,0.0
2019-12-27,-0.00106064,4.81222046,-0.00106064
2019-12-30,0.02171999,4.83394045,0.0
2020-01-02,0.00278829,4.83672874,0.0
2020-01-03,0.00238251,4.83911125,0.0
2020-01-07,0.03125855,4.8703698,0.0
2020-01-08,0.02669481,4.89706461,0.0
2020-01-09,0.00180445,4.89886906,0.0
2020-01-10,0.03844582,4.93731488,0.0
2020-01-13,0.14427332,5.0815882,0.0
2020-01-14,0.05086932,5.13245752,0.0
2020-01-15,0.00415698,5.13661451,0.0
2020-01-16,0.00313375,5.13974826,0.0
2020-01-22,-0.0054144,5.13433385,-0.0054144
2020-01-23,0.02295102,5.15728487,0.0
2020-01-24,-0.00717824,5.15010663,-0.00717824
2020-01-27,-0.00574466,5.14436197,-0.0129229
2020-01-28,-0.00011546,5.14424651,-0.01303835
2020-01-29,0.00824575,5.15249226,-0.00479261
2020-01-30,0.08876533,5.24125759,0.0
2020-01-31,0.04381723,5.28507482,0.0
2020-02-03,0.05857909,5.34365391,0.0
2020-02-04,0.04029768,5.38395159,0.0
2020-02-05,0.05819954,5.44215113,0.0
2020-02-06,0.05475581,5.49690694,0.0
2020-02-07,0.00728555,5.50419249,0.0
2020-02-10,0.01338885,5.51758133,0.0
2020-02-11,0.00649059,5.52407192,0.0
2020-02-12,0.03270335,5.55677527,0.0
2020-02-13,0.00727278,5.56404806,0.0
2020-02-14,-0.01259433,5.55145372,-0.01259433
2020-02-18,-0.0379792,5.51347452,-0.05057353
2020-02-19,-0.04289433,5.47058019,-0.09346786
2020-02-20,-0.02845161,5.44212859,-0.12191947
2020-02-21,-0.01982662,5.42230196,-0.14174609
2020-02-24,-0.00462085,5.41768111,-0.14636695
2020-02-25,0.05759087,5.47527198,-0.08877608
2020-02-26,-0.01059367,5.46467831,-0.09936975
2020-02-27,0.11883503,5.58351334,0.0
2020-02-28,0.12137577,5.70488911,0.0
2020-03-02,-0.02071089,5.68417822,-0.02071089
2020-03-03,0.00218951,5.68636773,-0.01852138
2020-03-04,-0.03048776,5.65587997,-0.04900914
2020-03-05,0.00107521,5.65695518,-0.04793393
2020-03-06,0.00802139,5.66497657,-0.03991254
2020-03-09,0.24726412,5.91224069,0.0
2020-03-10,0.04497566,5.95721635,0.0
2020-03-11,0.0017617,5.95897805,0.0
2020-03-12,0.64372219,6.60270025,0.0
2020-03-13,0.31220153,6.91490178,0.0
2020-03-16,0.60283214,7.51773392,0.0
2020-03-17,0.75776072,8.27549464,0.0
2020-03-18,0.45376802,8.72926266,0.0
2020-03-19,0.36403249,9.09329515,0.0
2020-03-20,0.12771264,9.22100778,0.0
2020-03-23,0.19649178,9.41749956,0.0
2020-03-24,0.58719467,10.00469423,0.0
2020-03-25,-0.02728933,9.97740491,-0.02728933
2020-03-26,0.0678034,10.0452083,0.0
2020-03-27,-0.01745434,10.02775396,-0.01745434
2020-03-30,0.0043541,10.03210806,-0.01310024
2020-03-31,0.01073962,10.04284768,-0.00236062
2020-04-01,0.43374383,10.47659151,0.0
2020-04-02,0.20365043,10.68024194,0.0
2020-04-03,-0.00074142,10.67950052,-0.00074142
2020-04-06,0.2209449,10.90044542,0.0
2020-04-07,-0.00460765,10.89583778,-0.00460765
2020-04-08,-0.00190005,10.89393773,-0.00650769
2020-04-09,0.05220528,10.94614301,0.0
2020-04-13,0.40402627,11.35016928,0.0
2020-04-14,0.36607959,11.71624887,0.0
2020-04-15,0.40118709,12.11743596,0.0
2020-04-16,0.3837582,12.50119416,0.0
2020-04-17,0.39413581,12.89532996,0.0
2020-04-20,0.43965664,13.3349866,0.0
2020-04-21,0.47987971,13.81486631,0.0
2020-04-22,0.42368173,14.23854804,0.0
2020-04-23,0.20458246,14.44313049,0.0
2020-04-24,0.21365843,14.65678892,0.0
2020-04-27,0.09184713,14.74863605,0.0
2020-04-28,0.06844097,14.81707702,0.0
2020-04-29,0.13159335,14.94867037,0.0
2020-04-30,0.14552979,15.09420015,0.0
2020-05-01,0.37638535,15.4705855,0.0
2020-05-04,0.1811371,15.6517226,0.0
2020-05-05,0.15274219,15.80446479,0.0
2020-05-06,0.07568324,15.88014804,0.0
2020-05-07,0.09127817,15.9714262,0.0
2020-05-08,0.17693552,16.14836172,0.0
2020-05-11,0.16541462,16.31377635,0.0
2020-05-12,0.07253541,16.38631176,0.0
2020-05-13,0.01732558,16.40363733,0.0
2020-05-14,-0.00021304,16.4034243,-0.00021304
2020-05-15,0.06940528,16.47282958,0.0
2020-05-18,0.03915465,16.51198423,0.0
2020-05-19,0.04376117,16.5557454,0.0
2020-05-20,0.07748226,16.63322766,0.0
2020-05-21,0.00909999,16.64232765,0.0
2020-05-22,0.0094096,16.65173724,0.0
2020-05-26,0.00721195,16.65894919,0.0
2020-05-27,0.14352996,16.80247915,0.0
2020-05-28,0.02772709,16.83020624,0.0
2020-05-29,0.01178326,16.8419895,0.0
2020-06-01,0.0079494,16.84993889,0.0
2020-06-02,0.01139531,16.8613342,0.0
2020-06-03,0.00938549,16.87071969,0.0
2020-06-04,0.00197932,16.87269901,0.0
2020-06-05,0.03271919,16.90541821,0.0
2020-06-08,0.03015947,16.93557768,0.0
2020-06-09,0.01073219,16.94630987,0.0
2020-06-10,0.1096635,17.05597338,0.0
2020-06-11,0.07723636,17.13320974,0.0
2020-06-12,0.03794727,17.17115701,0.0
2020-06-15,0.0053516,17.17650861,0.0
2020-06-16,0.02142199,17.1979306,0.0
2020-06-17,0.00055858,17.19848918,0.0
2020-06-18,0.00293096,17.20142014,0.0
2020-06-19,0.0280939,17.22951404,0.0
2020-06-22,0.14240666,17.3719207,0.0
2020-06-23,0.12675463,17.49867533,0.0
2020-06-24,0.04058444,17.53925976,0.0
2020-06-25,0.00077059,17.54003036,0.0
2020-06-26,0.09899611,17.63902647,0.0
2020-06-29,0.01961797,17.65864444,0.0
2020-06-30,0.00046792,17.65911236,0.0
2020-07-01,0.0285795,17.68769187,0.0
2020-07-02,0.01806416,17.70575603,0.0
2020-07-06,0.16066803,17.86642406,0.0
2020-07-07,0.05728027,17.92370432,0.0
2020-07-08,0.03705293,17.96075726,0.0
2020-07-09,0.03933601,18.00009327,0.0
2020-07-10,0.08100713,18.0811004,0.0
2020-07-13,0.08941773,18.17051813,0.0
2020-07-14,0.05948252,18.23000065,0.0
2020-07-15,0.05145726,18.28145791,0.0
2020-07-16,0.06362041,18.34507832,0.0
2020-07-17,0.04383085,18.38890917,0.0
2020-07-20,0.02239898,18.41130814,0.0
2020-07-21,0.08007243,18.49138058,0.0
2020-07-22,0.10281766,18.59419824,0.0
2020-07-23,0.10129853,18.69549676,0.0
2020-07-24,0.20322416,18.89872093,0.0
2020-07-27,0.04597157,18.9446925,0.0
2020-07-28,0.05929895,19.00399145,0.0
2020-07-29,0.03848888,19.04248033,0.0
2020-07-30,0.02226051,19.06474084,0.0
2020-07-31,0.12960754,19.19434838,0.0
2020-08-03,0.01733854,19.21168692,0.0
2020-08-04,0.00790584,19.21959275,0.0
2020-08-05,0.01745903,19.23705179,0.0
2020-08-06,0.01983531,19.2568871,0.0
2020-08-07,0.00685549,19.26374259,0.0
2020-08-10,0.02927184,19.29301443,0.0
2020-08-11,0.03268883,19.32570325,0.0
2020-08-12,0.11959496,19.44529821,0.0
2020-08-13,0.02401043,19.46930864,0.0
2020-08-14,0.00552828,19.47483691,0.0
2020-08-17,0.07530998,19.55014689,0.0
2020-08-18,0.00439832,19.55454521,0.0
2020-08-19,0.03227318,19.58681838,0.0
2020-08-20,0.01549269,19.60231107,0.0
2020-08-21,0.01857068,19.62088175,0.0
2020-08-24,0.04551044,19.66639219,0.0
2020-08-25,0.02634102,19.69273321,0.0
2020-08-26,-0.01905803,19.67367518,-0.01905803
2020-08-27,0.01036252,19.68403769,-0.00869552
2020-08-28,0.00504267,19.68908036,-0.00365285
2020-08-31,-0.04980906,19.63927131,-0.0534619
2020-09-01,-0.01379163,19.62547968,-0.06725353
2020-09-02,-0.04480028,19.5806794,-0.11205381
2020-09-03,-0.00790792,19.57277148,-0.11996173
2020-09-04,-0.00651712,19.56625437,-0.12647884
2020-09-08,0.16365985,19.72991422,0.0
2020-09-09,0.07814805,19.80806227,0.0
2020-09-10,0.00764757,19.81570983,0.0
2020-09-11,0.00515761,19.82086744,0.0
2020-09-14,0.01075032,19.83161776,0.0
2020-09-15,0.00395132,19.83556909,0.0
2020-09-16,0.00814534,19.84371443,0.0
2020-09-17,0.01642104,19.86013547,0.0
2020-09-18,0.02144022,19.8815757,0.0
2020-09-21,-0.0004209,19.8811548,-0.0004209
2020-09-22,0.02651895,19.90767375,0.0
2020-09-23,0.05295491,19.96062867,0.0
2020-09-24,-0.00078657,19.95984209,-0.00078657
2020-09-25,-0.00199809,19.957844,-0.00278466
2020-09-28,0.00252615,19.96037015,-0.00025852
2020-09-29,0.01177714,19.97214728,0.0
2020-09-30,0.0076459,19.97979319,0.0
2020-10-01,-0.00177037,19.97802282,-0.00177037
2020-10-02,-0.00679293,19.97122989,-0.0085633
2020-10-05,-0.00398636,19.96724353,-0.01254966
2020-10-06,-0.00432653,19.962917,-0.01687619
2020-10-07,0.00126264,19.96417964,-0.01561355
2020-10-08,0.00187199,19.96605163,-0.01374156
2020-10-09,0.00147822,19.96752985,-0.01226334
2020-10-12,-0.02396692,19.94356293,-0.03623026
2020-10-13,0.02201728,19.96558021,-0.01421298
2020-10-14,0.00156235,19.96714256,-0.01265063
2020-10-15,0.0050014,19.97214396,-0.00764923
2020-10-16,0.01372854,19.9858725,0.0
2020-10-19,0.01828041,20.00415292,0.0
2020-10-20,0.00589676,20.01004967,0.0
2020-10-21,0.00419105,20.01424072,0.0
2020-10-22,0.02037924,20.03461996,0.0
2020-10-23,0.00709222,20.04171218,0.0
2020-10-26,0.00673266,20.04844484,0.0
2020-10-27,0.04534743,20.09379227,0.0
2020-10-28,0.03975543,20.1335477,0.0
2020-10-29,0.00078077,20.13432847,0.0
2020-10-30,0.06496536,20.19929383,0.0
2020-11-02,0.03395658,20.23325041,0.0
2020-11-03,0.00667194,20.23992235,0.0
2020-11-04,0.05331097,20.29323331,0.0
2020-11-05,0.01378297,20.30701628,0.0
2020-11-06,0.03514417,20.34216044,0.0
2020-11-09,0.07503838,20.41719882,0.0
2020-11-10,0.04309411,20.46029294,0.0
2020-11-11,0.04657317,20.5068661,0.0
2020-11-12,0.04262631,20.54949241,0.0
2020-11-13,0.02455404,20.57404645,0.0
2020-11-16,0.02349501,20.59754146,0.0
2020-11-17,0.10162334,20.6991648,0.0
2020-11-18,0.07918032,20.77834512,0.0
2020-11-19,0.00961065,20.78795577,0.0
2020-11-20,0.0562376,20.84419337,0.0
2020-11-23,0.00609572,20.85028909,0.0
2020-11-24,-0.00153739,20.8487517,-0.00153739
2020-11-25,0.09788791,20.94663961,0.0
2020-11-27,0.05080233,20.99744194,0.0
2020-11-30,0.10107694,21.09851888,0.0
2020-12-01,0.11988043,21.21839931,0.0
2020-12-02,0.07588409,21.2942834,0.0
2020-12-03,0.00846789,21.30275129,0.0
2020-12-04,0.01280116,21.31555245,0.0
2020-12-07,0.02543964,21.3409921,0.0
2020-12-08,0.0150486,21.35604069,0.0
2020-12-09,0.00563082,21.36167152,0.0
2020-12-10,0.01189838,21.37356989,0.0
2020-12-11,0.00017129,21.37374119,0.0
2020-12-14,0.01152201,21.3852632,0.0
2020-12-15,0.01046866,21.39573186,0.0
2020-12-16,0.04425398,21.43998584,0.0
2020-12-17,0.04669068,21.48667652,0.0
2020-12-18,0.03181753,21.51849405,0.0
2020-12-21,0.01196942,21.53046347,0.0
2020-12-22,0.01276668,21.54323015,0.0
2020-12-23,0.00692963,21.55015978,0.0
2020-12-24,-0.00061349,21.54954629,-0.00061349
2020-12-28,-0.00188783,21.54765846,-0.00250132
2020-12-29,-0.00748685,21.54017161,-0.00998816
2020-12-30,0.01712682,21.55729843,0.0
2020-12-31,0.01336894,21.57066738,0.0
2021-01-04,0.02440629,21.59507367,0.0
2021-01-05,0.01154311,21.60661678,0.0
2021-01-06,0.06725599,21.67387277,0.0
2021-01-07,0.00967135,21.68354412,0.0
2021-01-08,-0.00918824,21.67435587,-0.00918824
2021-01-11,0.00672114,21.68107701,-0.0024671
2021-01-12,0.03337832,21.71445533,0.0
2021-01-13,0.02005855,21.73451388,0.0
2021-01-14,0.01136821,21.7458821,0.0
2021-01-15,0.03748827,21.78337037,0.0
2021-01-19,0.05008449,21.83345487,0.0
2021-01-20,0.0452394,21.87869426,0.0
2021-01-21,0.01515498,21.89384925,0.0
2021-01-22,0.01198928,21.90583853,0.0
2021-01-25,-4.76e-06,21.90583377,-4.76e-06
2021-01-26,-0.0079234,21.89791037,-0.00792815
2021-01-27,0.04225182,21.94016219,0.0
2021-01-28,0.01154757,21.95170976,0.0
2021-01-29,-0.00220218,21.94950758,-0.00220218
2021-02-01,0.00011844,21.94962602,-0.00208374
2021-02-02,0.00802994,21.95765597,0.0
2021-02-03,0.02130426,21.97896022,0.0
2021-02-04,0.00321492,21.98217515,0.0
2021-02-05,0.00893994,21.99111508,0.0
2021-02-08,0.01348847,22.00460355,0.0
2021-02-09,0.00649966,22.01110322,0.0
2021-02-10,0.01750234,22.02860556,0.0
2021-02-11,0.01659735,22.04520291,0.0
2021-02-12,0.02136481,22.06656772,0.0
2021-02-16,0.01593895,22.08250666,0.0
2021-02-17,0.02095951,22.10346617,0.0
2021-02-18,0.00518089,22.10864706,0.0
2021-02-19,0.00059486,22.10924192,0.0
2021-02-22,0.00167134,22.11091326,0.0
2021-02-23,0.00802531,22.11893858,0.0
2021-02-24,0.00353216,22.12247074,0.0
2021-02-25,0.03871936,22.1611901,0.0
2021-02-26,0.00222323,22.16341333,0.0
2021-03-01,0.00237258,22.16578591,0.0
2021-03-02,0.00661982,22.17240573,0.0
2021-03-03,0.01452451,22.18693025,0.0
2021-03-04,0.08345902,22.27038927,0.0
2021-03-05,0.00748509,22.27787436,0.0
2021-03-08,0.0762963,22.35417066,0.0
2021-03-09,0.06661612,22.42078678,0.0
2021-03-10,0.00112281,22.42190959,0.0
2021-03-11,-0.00063227,22.42127732,-0.00063227
2021-03-12,0.00727595,22.42855327,0.0
2021-03-15,0.00049908,22.42905235,0.0
2021-03-16,0.0077727,22.43682505,0.0
2021-03-17,0.00320227,22.44002732,0.0
2021-03-18,-0.00079464,22.43923268,-0.00079464
2021-03-19,0.00500474,22.44423742,0.0
2021-03-22,0.00065569,22.44489311,0.0
2021-03-23,0.00362299,22.4485161,0.0
2021-03-24,0.00061624,22.44913234,0.0
2021-03-25,0.01831449,22.46744684,0.0
2021-03-26,0.02177854,22.48922538,0.0
2021-03-29,0.00182158,22.49104696,0.0
2021-03-30,0.00940134,22.5004483,0.0
2021-03-31,0.00547483,22.50592313,0.0
2021-04-01,0.00231601,22.50823914,0.0
2021-04-05,0.02559615,22.53383529,0.0
2021-04-06,-4.989e-05,22.5337854,-4.989e-05
2021-04-07,0.00892298,22.54270837,0.0
2021-04-08,0.01738291,22.56009128,0.0
2021-04-09,0.03762464,22.59771593,0.0
2021-04-12,0.07451975,22.67223568,0.0
2021-04-13,0.0460902,22.71832587,0.0
2021-04-14,0.01639269,22.73471856,0.0
2021-04-15,0.01187521,22.74659377,0.0
2021-04-16,0.00013791,22.74673168,0.0
2021-04-19,5.389e-05,22.74678557,0.0
2021-04-20,0.00477263,22.7515582,0.0
2021-04-21,0.00019377,22.75175196,0.0
2021-04-22,-0.00111756,22.7506344,-0.00111756
2021-04-23,0.0012576,22.751892,0.0
2021-04-26,0.00107447,22.75296647,0.0
2021-04-27,0.00160661,22.75457308,0.0
2021-04-28,0.01129428,22.76586737,0.0
2021-04-29,0.00438643,22.77025379,0.0
2021-04-30,0.0028573,22.77311109,0.0
2021-05-03,0.01506405,22.78817514,0.0
2021-05-04,0.01484588,22.80302102,0.0
2021-05-05,8.324e-05,22.80310426,0.0
2021-05-06,-0.00019778,22.80290648,-0.00019778
2021-05-07,0.00143513,22.80434161,0.0
2021-05-10,0.00033386,22.80467547,0.0
2021-05-11,9.998e-05,22.80477545,0.0
2021-05-12,0.00369238,22.80846783,0.0
2021-05-13,1.799e-05,22.80848582,0.0
2021-05-14,0.00064038,22.8091262,0.0
2021-05-17,0.00047719,22.80960339,0.0
2021-05-18,0.00116387,22.81076726,0.0
2021-05-19,0.00096818,22.81173544,0.0
2021-05-20,0.00049582,22.81223126,0.0
2021-05-21,0.00482455,22.81705581,0.0
2021-05-24,0.00552375,22.82257956,0.0
2021-05-25,0.0087809,22.83136046,0.0
2021-05-26,0.01787637,22.84923683,0.0
2021-05-27,0.03943486,22.88867168,0.0
2021-05-28,0.02250883,22.91118052,0.0
2021-06-01,0.03294508,22.9441256,0.0
2021-06-02,0.02705675,22.97118235,0.0
2021-06-03,-9.343e-05,22.97108892,-9.343e-05
2021-06-04,0.0147794,22.98586832,0.0
2021-06-07,0.01941218,23.00528049,0.0
2021-06-08,0.0033315,23.008612,0.0
2021-06-09,-0.00050614,23.00810585,-0.00050614
2021-06-11,0.01145402,23.01955987,0.0
2021-06-14,0.00406118,23.02362105,0.0
2021-06-15,0.00026235,23.0238834,0.0
2021-06-16,0.00023572,23.02411913,0.0
2021-06-17,0.0110449,23.03516403,0.0
2021-06-18,0.00750722,23.04267125,0.0
2021-06-21,0.00023294,23.04290419,0.0
2021-06-22,0.02548803,23.06839222,0.0
2021-06-23,0.00029436,23.06868658,0.0
2021-06-24,0.00133841,23.07002499,0.0
2021-06-25,0.00048549,23.07051048,0.0
2021-06-28,-0.0041917,23.06631878,-0.0041917
2021-06-29,0.01105675,23.07737553,0.0
2021-06-30,0.01061955,23.08799508,0.0
2021-07-01,0.01026032,23.0982554,0.0
2021-07-02,0.00390409,23.1021595,0.0
2021-07-06,-0.00396643,23.09819307,-0.00396643
2021-07-07,-0.00082139,23.09737168,-0.00478782
2021-07-08,0.00542677,23.10279846,0.0
2021-07-09,0.00138311,23.10418157,0.0
2021-07-12,0.00205538,23.10623694,0.0
2021-07-13,0.00659367,23.11283061,0.0
2021-07-14,0.00872275,23.12155336,0.0
2021-07-15,0.00193669,23.12349006,0.0
2021-07-16,0.06419581,23.18768587,0.0
2021-07-19,0.00185582,23.18954169,0.0
2021-07-20,-0.0002037,23.18933799,-0.0002037
2021-07-21,0.001344,23.19068199,0.0
2021-07-22,0.00573333,23.19641532,0.0
2021-07-23,0.00443307,23.20084838,0.0
2021-07-26,-0.02499883,23.17584956,-0.02499883
2021-07-27,0.0083217,23.18417126,-0.01667713
2021-07-28,0.02596208,23.21013333,0.0
2021-07-29,0.00837059,23.21850392,0.0
2021-07-30,0.00171791,23.22022183,0.0
2021-08-02,-0.00151628,23.21870555,-0.00151628
2021-08-03,-0.00228573,23.21641981,-0.00380202
2021-08-04,-0.03994344,23.17647638,-0.04374545
2021-08-05,-0.00054149,23.17593489,-0.04428694
2021-08-06,0.00105154,23.17698643,-0.0432354
2021-08-10,0.00362539,23.18061182,-0.03961002
2021-08-11,0.0045367,23.18514852,-0.03507332
2021-08-12,-0.02102205,23.16412647,-0.05609537
2021-08-13,-0.02574299,23.13838347,-0.08183836
2021-08-16,-0.03029015,23.10809333,-0.11212851
2021-08-17,0.00159891,23.10969224,-0.1105296
2021-08-18,0.00518762,23.11487986,-0.10534198
2021-08-19,0.02711069,23.14199055,-0.07823128
2021-08-20,0.01155706,23.15354761,-0.06667423
2021-08-23,0.00237991,23.15592752,-0.06429431
2021-08-25,-0.02586776,23.13005976,-0.09016207
2021-08-26,0.00119989,23.13125965,-0.08896219
2021-08-27,0.00207592,23.13333557,-0.08688627
2021-08-30,0.00308992,23.13642548,-0.08379635
2021-08-31,0.00165211,23.1380776,-0.08214424
2021-09-01,0.00057745,23.13865505,-0.08156679
2021-09-02,3.165e-05,23.13868669,-0.08153514
2021-09-03,-0.00528461,23.13340208,-0.08681975
2021-09-07,-0.01760604,23.11579604,-0.10442579
2021-09-08,-0.0332204,23.08257564,-0.1376462
2021-09-09,-0.01227916,23.07029648,-0.14992535
2021-09-10,-0.00429271,23.06600377,-0.15421806
2021-09-13,-0.00976161,23.05624216,-0.16397967
2021-09-14,-0.03593686,23.0203053,-0.19991653
2021-09-15,-0.02418674,22.99611856,-0.22410327
2021-09-16,-0.03320277,22.96291579,-0.25730604
2021-09-17,-0.00224423,22.96067156,-0.25955027
2021-09-20,0.00023257,22.96090413,-0.2593177
2021-09-21,0.00215755,22.96306168,-0.25716015
2021-09-22,-0.01434874,22.94871294,-0.27150889
2021-09-23,0.00426101,22.95297395,-0.26724789
2021-09-24,-0.00013271,22.95284124,-0.2673806
2021-09-27,0.01616773,22.96900897,-0.25121287
2021-09-28,-0.00298591,22.96602305,-0.25419878
2021-09-29,0.00220995,22.96823301,-0.25198883
2021-09-30,-0.00055378,22.96767923,-0.25254261
2021-10-04,0.00191414,22.96959337,-0.25062847
2021-10-05,0.02059077,22.99018414,-0.23003769
2021-10-06,0.02172433,23.01190846,-0.20831337
2021-10-07,0.02201429,23.03392275,-0.18629908
2021-10-08,0.02283045,23.0567532,-0.16346863
2021-10-11,0.01838399,23.07513719,-0.14508464
2021-10-12,-0.00589564,23.06924155,-0.15098029
2021-10-13,-0.00099378,23.06824776,-0.15197407
2021-10-14,0.0092478,23.07749556,-0.14272627
2021-10-15,0.00377244,23.081268,-0.13895384
2021-10-18,0.00261006,23.08387805,-0.13634378
2021-10-19,-0.00303084,23.08084721,-0.13937462
2021-10-20,0.00147317,23.08232038,-0.13790145
2021-10-21,-0.0009761,23.08134428,-0.13887755
2021-10-22,-0.00738021,23.07396407,-0.14625776
2021-10-25,-0.0001848,23.07377927,-0.14644256
2021-10-26,-0.00605986,23.0677194,-0.15250243
2021-10-27,-0.02813047,23.03958893,-0.1806329
2021-10-28,-0.00147473,23.0381142,-0.18210763
2021-10-29,-0.00988488,23.02822932,-0.19199252
2021-11-01,-0.05579708,22.97243224,-0.2477896
2021-11-02,-0.04218907,22.93024316,-0.28997867
2021-11-03,-0.03065717,22.89958599,-0.32063584
2021-11-04,-0.07952505,22.82006095,-0.40016089
2021-11-05,-0.04931291,22.77074803,-0.4494738
2021-11-08,-0.08624252,22.68450551,-0.53571632
2021-11-09,-0.07803504,22.60647047,-0.61375136
2021-11-10,-0.01639198,22.59007849,-0.63014334
2021-11-11,-0.01555953,22.57451896,-0.64570287
2021-11-12,-0.00712771,22.56739125,-0.65283058
2021-11-15,-0.00501814,22.56237311,-0.65784872
2021-11-16,-0.00226007,22.56011305,-0.66010879
2021-11-17,0.01311519,22.57322824,-0.6469936
2021-11-18,-0.09249681,22.48073143,-0.7394904
2021-11-19,-0.01838184,22.46234959,-0.75787224
2021-11-22,-0.01954189,22.44280771,-0.77741413
2021-11-23,-0.0072092,22.43559851,-0.78462332
2021-11-24,-0.00731053,22.42828798,-0.79193385
2021-11-26,0.00261483,22.43090281,-0.78931902
2021-11-29,-0.01694673,22.41395608,-0.80626575
2021-11-30,-0.00302745,22.41092863,-0.8092932
2021-12-01,-0.04531759,22.36561104,-0.85461079
2021-12-02,-0.00588176,22.35972928,-0.86049255
2021-12-03,0.00229143,22.36202071,-0.85820112
2021-12-06,-0.00643758,22.35558313,-0.8646387
2021-12-07,-0.00072964,22.35485349,-0.86536834
2021-12-08,-0.00485714,22.34999635,-0.87022548
2021-12-09,-0.00451317,22.34548318,-0.87473866
2021-12-10,-0.00620521,22.33927796,-0.88094387
2021-12-13,-0.00708486,22.3321931,-0.88802873
2021-12-14,-0.00526548,22.32692763,-0.89329421
2021-12-15,-0.00412727,22.32280036,-0.89742147
2021-12-16,-0.00043614,22.32236422,-0.89785762
2021-12-17,-0.03063586,22.29172835,-0.92849348
2021-12-20,-0.00207434,22.28965401,-0.93056782
2021-12-21,-4.046e-05,22.28961356,-0.93060828
2021-12-22,-0.0005218,22.28909176,-0.93113007
2021-12-23,-0.00046075,22.28863101,-0.93159082
2021-12-27,-0.00301836,22.28561265,-0.93460918
2021-12-28,0.00403299,22.28964564,-0.93057619
2021-12-29,0.00214617,22.29179181,-0.92843002
2021-12-30,0.00248108,22.29427289,-0.92594894
2021-12-31,-0.00067144,22.29360145,-0.92662039
2022-01-03,-0.09980604,22.1937954,-1.02642643
2022-01-04,-0.02248616,22.17130924,-1.04891259
2022-01-05,-0.23111693,21.94019231,-1.28002952
2022-01-06,-0.03995295,21.90023936,-1.31998247
2022-01-07,-0.06222917,21.83801019,-1.38221164
2022-01-10,-0.04900046,21.78900974,-1.4312121
2022-01-11,-0.00745784,21.7815519,-1.43866994
2022-01-12,-0.00314051,21.77841138,-1.44181045
2022-01-13,-0.03624543,21.74216595,-1.47805588
2022-01-14,0.00043274,21.74259869,-1.47762314
2022-01-18,-0.01649936,21.72609933,-1.4941225
2022-01-19,-0.01536167,21.71073766,-1.50948417
2022-01-20,-0.01348703,21.69725064,-1.5229712
2022-01-21,-0.06209192,21.63515872,-1.58506311
2022-01-24,-0.01155637,21.62360235,-1.59661948
2022-01-25,-0.03606267,21.58753968,-1.63268215
2022-01-26,-0.02526717,21.5622725,-1.65794933
2022-01-27,0.00873383,21.57100633,-1.6492155
2022-01-28,-0.02657713,21.54442921,-1.67579262
2022-01-31,-0.02983248,21.51459673,-1.7056251
2022-02-01,-0.00081544,21.51378129,-1.70644054
2022-02-02,-0.05602042,21.45776087,-1.76246096
2022-02-03,-0.05096902,21.40679185,-1.81342998
2022-02-04,-0.0809707,21.32582115,-1.89440069
2022-02-07,-0.01712586,21.30869529,-1.91152654
2022-02-08,-0.04122173,21.26747356,-1.95274827
2022-02-09,-0.11205081,21.15542275,-2.06479908
2022-02-10,-0.0877195,21.06770325,-2.15251858
2022-02-11,-0.10852243,20.95918083,-2.26104101
2022-02-14,-0.02471652,20.93446431,-2.28575753
2022-02-15,-0.0683855,20.86607881,-2.35414302
2022-02-16,-0.00163925,20.86443956,-2.35578227
2022-02-17,-0.05868218,20.80575738,-2.41446446
2022-02-18,-0.08851333,20.71724405,-2.50297779
2022-02-22,-0.03142909,20.68581496,-2.53440688
2022-02-23,0.006941,20.69275596,-2.52746587
2022-02-24,-0.0372569,20.65549906,-2.56472278
2022-02-25,-0.05235829,20.60314076,-2.61708107
2022-02-28,-0.01342651,20.58971426,-2.63050758
2022-03-01,-0.00442051,20.58529374,-2.63492809
2022-03-02,0.03701649,20.62231024,-2.59791159
2022-03-03,0.00276921,20.62507945,-2.59514239
2022-03-04,-0.04496763,20.58011181,-2.64011002
2022-03-07,-0.06974705,20.51036477,-2.70985707
2022-03-08,0.0256328,20.53599757,-2.68422426
2022-03-09,0.00052322,20.53652079,-2.68370105
2022-03-10,-0.02958693,20.50693386,-2.71328798
2022-03-11,-0.00653741,20.50039644,-2.71982539
2022-03-14,0.0641451,20.56454155,-2.65568029
2022-03-15,0.023988,20.58852955,-2.63169228
2022-03-16,0.00322381,20.59175336,-2.62846848
2022-03-17,0.03593194,20.6276853,-2.59253653
2022-03-18,-0.01020793,20.61747737,-2.60274446
2022-03-21,-0.1006196,20.51685777,-2.70336407
2022-03-22,-0.13689739,20.37996038,-2.84026145
2022-03-23,-0.13492317,20.24503721,-2.97518462
2022-03-24,-0.17084239,20.07419482,-3.14602702
2022-03-25,-0.16044296,19.91375186,-3.30646997
2022-03-28,-0.22030251,19.69344935,-3.52677249
2022-03-29,-0.23983963,19.45360972,-3.76661211
2022-03-30,-0.12642615,19.32718357,-3.89303826
2022-03-31,-0.02361929,19.30356428,-3.91665756
2022-04-01,0.01613522,19.3196995,-3.90052234
2022-04-04,0.02196288,19.34166238,-3.87855946
2022-04-05,-0.00561242,19.33604995,-3.88417188
2022-04-06,-0.08317823,19.25287172,-3.96735011
2022-04-07,0.02226577,19.2751375,-3.94508433
2022-04-08,0.04809469,19.32323219,-3.89698965
2022-04-11,-0.03332062,19.28991157,-3.93031026
2022-04-12,0.00247413,19.2923857,-3.92783613
2022-04-13,-0.00050844,19.29187726,-3.92834457
2022-04-14,-0.00538362,19.28649364,-3.93372819
2022-04-18,-0.04550311,19.24099053,-3.9792313
2022-04-19,0.17079198,19.4117825,-3.80843933
2022-04-20,0.06318558,19.47496808,-3.74525375
2022-04-21,0.19790147,19.67286956,-3.54735228
2022-04-22,0.0343707,19.70724026,-3.51298157
2022-04-25,0.11778835,19.82502861,-3.39519322
2022-04-26,-0.07657585,19.74845276,-3.47176907
2022-04-27,-0.10186431,19.64658845,-3.57363339
2022-04-28,-0.15276933,19.49381912,-3.72640271
2022-04-29,-0.02795326,19.46586586,-3.75435597
2022-05-02,-0.01870485,19.44716101,-3.77306082
2022-05-03,0.23952361,19.68668463,-3.5335372
2022-05-04,0.02868218,19.7153668,-3.50485503
2022-05-05,0.07975765,19.79512446,-3.42509738
2022-05-06,-0.04118584,19.75393862,-3.46628322
2022-05-09,0.37744277,20.13138138,-3.08884045
2022-05-10,0.19050586,20.32188724,-2.89833459
2022-05-11,0.11211944,20.43400669,-2.78621515
2022-05-12,0.00883976,20.44284645,-2.77737539
2022-05-13,0.14365907,20.58650551,-2.63371632
2022-05-16,0.10979681,20.69630232,-2.52391951
2022-05-17,-0.00644272,20.6898596,-2.53036224
2022-05-18,0.01650094,20.70636053,-2.5138613
2022-05-19,0.10135023,20.80771076,-2.41251107
2022-05-20,0.17700409,20.98471485,-2.23550698
2022-05-23,0.19527371,21.17998856,-2.04023327
2022-05-24,0.05477092,21.23475948,-1.98546235
2022-05-25,0.03703944,21.27179892,-1.94842291
2022-05-26,0.12442466,21.39622359,-1.82399825
2022-05-27,0.15628899,21.55251258,-1.66770926
2022-05-31,0.11818581,21.67069839,-1.54952344
2022-06-01,0.15228562,21.82298401,-1.39723783
2022-06-02,0.10606698,21.92905099,-1.29117085
2022-06-03,0.05059163,21.97964262,-1.24057921
2022-06-06,0.02440655,22.00404917,-1.21617266
2022-06-07,0.04118249,22.04523166,-1.17499017
2022-06-08,0.07362995,22.11886161,-1.10136022
2022-06-09,-0.01224623,22.10661538,-1.11360645
2022-06-10,0.09274532,22.1993607,-1.02086113
2022-06-13,0.21565735,22.41501806,-0.80520378
2022-06-14,0.30806346,22.72308151,-0.49714032
2022-06-15,0.1873804,22.91046192,-0.30975992
2022-06-16,0.01278686,22.92324877,-0.29697306
2022-06-17,0.31523678,23.23848555,0.0
2022-06-21,-0.01923346,23.21925209,-0.01923346
2022-06-22,-0.02951372,23.18973836,-0.04874719
2022-06-23,-0.03423145,23.15550691,-0.08297864
2022-06-24,-0.02095993,23.13454699,-0.10393856
2022-06-27,-0.02892927,23.10561772,-0.13286783
2022-06-28,-0.02488315,23.08073457,-0.15775098
2022-06-29,0.08007496,23.16080954,-0.07767601
2022-06-30,-0.02761874,23.1331908,-0.10529475
2022-07-01,0.1578531,23.2910439,0.0
2022-07-05,0.12388926,23.41493316,0.0
2022-07-06,0.06325932,23.47819248,0.0
2022-07-07,0.01656139,23.49475387,0.0
2022-07-08,0.13356154,23.62831541,0.0
2022-07-11,0.01664715,23.64496256,0.0
2022-07-12,0.15980623,23.80476879,0.0
2022-07-13,0.05739734,23.86216613,0.0
2022-07-14,-0.03310735,23.82905878,-0.03310735
2022-07-15,0.11531483,23.9443736,0.0
2022-07-18,0.31026485,24.25463845,0.0
2022-07-19,0.19967695,24.45431541,0.0
2022-07-20,0.11393586,24.56825127,0.0
2022-07-21,0.04835809,24.61660936,0.0
2022-07-22,-0.01916405,24.59744531,-0.01916405
2022-07-25,0.22870754,24.82615285,0.0
2022-07-26,0.08614214,24.91229499,0.0
2022-07-27,0.06232903,24.97462401,0.0
2022-07-28,0.39456921,25.36919323,0.0
2022-07-29,-0.03424642,25.3349468,-0.03424642
2022-08-01,0.06587944,25.40082624,0.0
2022-08-02,-0.03979579,25.36103045,-0.03979579
2022-08-03,0.00659238,25.36762283,-0.03320341
2022-08-04,-0.07266066,25.29496217,-0.10586407
2022-08-05,-0.19457753,25.10038464,-0.3004416
2022-08-08,0.04589271,25.14627735,-0.25454889
2022-08-09,0.22549622,25.37177357,-0.02905267
2022-08-10,0.12531516,25.49708872,0.0
2022-08-11,0.23735295,25.73444168,0.0
2022-08-12,-0.10123704,25.63320464,-0.10123704
2022-08-15,-0.07250891,25.56069573,-0.17374595
2022-08-16,0.16192813,25.72262386,-0.01181781
2022-08-17,0.05839702,25.78102088,0.0
2022-08-18,0.00047142,25.7814923,0.0
2022-08-19,0.05977624,25.84126854,0.0
2022-08-22,0.21318519,26.05445373,0.0
2022-08-23,0.34082492,26.39527865,0.0
2022-08-24,0.04169221,26.43697086,0.0
2022-08-25,0.03041002,26.46738088,0.0
2022-08-26,-0.00394789,26.46343299,-0.00394789
2022-08-29,0.39873938,26.86217237,0.0
2022-08-30,0.60470897,27.46688133,0.0
2022-08-31,0.3174548,27.78433613,0.0
2022-09-01,0.03601293,27.82034906,0.0
2022-09-02,0.00857519,27.82892426,0.0
2022-09-06,-0.0227424,27.80618185,-0.0227424
2022-09-07,-0.00680073,27.79938112,-0.02954313
2022-09-08,-0.00357882,27.7958023,-0.03312195
2022-09-09,-0.00819755,27.78760475,-0.0413195
2022-09-12,0.07062619,27.85823094,0.0
2022-09-13,0.07828591,27.93651685,0.0
2022-09-14,-0.03399056,27.90252629,-0.03399056
2022-09-15,-0.04617921,27.85634708,-0.08016976
2022-09-16,0.13449225,27.99083934,0.0
2022-09-19,0.05829095,28.04913029,0.0
2022-09-20,0.71202371,28.76115401,0.0
2022-09-21,1.02119565,29.78234965,0.0
2022-09-22,0.03237763,29.81472728,0.0
2022-09-23,0.02621114,29.84093842,0.0
2022-09-26,0.1454273,29.98636573,0.0
2022-09-27,-0.02419019,29.96217554,-0.02419019
2022-09-28,-0.02991592,29.93225961,-0.05410611
2022-09-29,-0.00664274,29.92561687,-0.06074885
2022-09-30,0.01529576,29.94091264,-0.04545309
2022-10-03,-0.03236828,29.90854436,-0.07782137
2022-10-04,0.67204617,30.58059053,0.0
2022-10-05,0.07310628,30.65369681,0.0
2022-10-06,-0.00522958,30.64846723,-0.00522958
2022-10-07,0.22277035,30.87123758,0.0
2022-10-10,0.08560656,30.95684414,0.0
2022-10-11,0.22028191,31.17712605,0.0
2022-10-12,0.05691785,31.2340439,0.0
2022-10-13,0.37766317,31.61170707,0.0
2022-10-14,0.90263982,32.51434689,0.0
2022-10-17,0.07533354,32.58968043,0.0
2022-10-18,1.45271461,34.04239504,0.0
2022-10-19,1.09301795,35.13541299,0.0
2022-10-20,0.77310685,35.90851983,0.0
2022-10-21,0.61913017,36.52765,0.0
2022-10-24,0.29527188,36.82292188,0.0
2022-10-25,0.30215664,37.12507851,0.0
2022-10-26,0.31496465,37.44004316,0.0
2022-10-27,0.6781426,38.11818576,0.0
2022-10-28,0.6826256,38.80081137,0.0
2022-10-31,0.59067311,39.39148447,0.0
2022-11-01,0.59723449,39.98871896,0.0
2022-11-02,0.31377235,40.30249131,0.0
2022-11-03,0.36395297,40.66644428,0.0
2022-11-04,0.21675065,40.88319494,0.0
2022-11-07,0.28776812,41.17096306,0.0
2022-11-08,0.23474066,41.40570372,0.0
2022-11-09,0.66691076,42.07261448,0.0
2022-11-10,0.86255826,42.93517273,0.0
2022-11-11,0.26233045,43.19750318,0.0
2022-11-14,0.39459795,43.59210113,0.0
2022-11-15,0.11201692,43.70411805,0.0
2022-11-16,0.20614195,43.91026,0.0
2022-11-17,0.2972348,44.20749481,0.0
2022-11-18,0.11716526,44.32466007,0.0
2022-11-21,0.12024715,44.44490721,0.0
2022-11-22,0.13712677,44.58203398,0.0
2022-11-23,0.09758828,44.67962226,0.0
2022-11-25,0.05051107,44.73013333,0.0
2022-11-28,0.19405953,44.92419287,0.0
2022-11-29,0.22342695,45.14761981,0.0
2022-11-30,0.34539516,45.49301497,0.0
2022-12-01,0.2408719,45.73388687,0.0
2022-12-02,0.15258583,45.8864727,0.0
2022-12-05,0.1651701,46.0516428,0.0
2022-12-06,0.30774468,46.35938748,0.0
2022-12-07,0.22895207,46.58833955,0.0
2022-12-08,0.15061322,46.73895277,0.0
2022-12-09,0.13267888,46.87163165,0.0
2022-12-12,0.04970656,46.92133821,0.0
2022-12-13,0.03118014,46.95251835,0.0
2022-12-14,0.0966508,47.04916915,0.0
2022-12-15,0.04340048,47.09256963,0.0
2022-12-16,0.07417435,47.16674398,0.0
2022-12-19,0.02889265,47.19563663,0.0
2022-12-20,0.01558818,47.21122481,0.0
2022-12-21,0.08522202,47.29644683,0.0
2022-12-22,0.07705532,47.37350215,0.0
2022-12-23,0.13655172,47.51005387,0.0
2022-12-27,0.28138626,47.79144013,0.0
2022-12-28,0.14084465,47.93228478,0.0
2022-12-29,0.08422944,48.01651422,0.0
2022-12-30,0.07471839,48.09123261,0.0
2023-01-03,0.23717104,48.32840365,0.0
2023-01-04,0.08265716,48.41106081,0.0
2023-01-05,0.18178892,48.59284973,0.0
2023-01-06,0.13400061,48.72685034,0.0
2023-01-09,0.16079795,48.8876483,0.0
2023-01-10,0.14173227,49.02938056,0.0
2023-01-11,0.10257435,49.13195491,0.0
2023-01-12,0.15830233,49.29025724,0.0
2023-01-13,0.15138609,49.44164334,0.0
2023-01-17,0.2508706,49.69251393,0.0
2023-01-18,0.15735155,49.84986549,0.0
2023-01-19,0.06054097,49.91040645,0.0
2023-01-20,0.12118869,50.03159515,0.0
2023-01-23,0.12867593,50.16027108,0.0
2023-01-24,0.058763,50.21903408,0.0
2023-01-25,0.14297347,50.36200754,0.0
2023-01-26,0.23708208,50.59908963,0.0
2023-01-27,0.27193726,50.87102689,0.0
2023-01-30,0.10202275,50.97304963,0.0
2023-01-31,0.07996048,51.05301012,0.0
2023-02-01,0.11250386,51.16551398,0.0
2023-02-02,0.06300092,51.22851489,0.0
2023-02-03,0.04085435,51.26936924,0.0
2023-02-06,0.04198637,51.31135561,0.0
2023-02-07,0.14430212,51.45565773,0.0
2023-02-08,0.14878341,51.60444114,0.0
2023-02-09,0.11612988,51.72057102,0.0
2023-02-10,0.04597221,51.76654323,0.0
2023-02-13,0.05024262,51.81678585,0.0
2023-02-14,0.08280389,51.89958974,0.0
2023-02-15,0.09316018,51.99274992,0.0
2023-02-16,0.05820134,52.05095126,0.0
2023-02-17,0.04256722,52.09351849,0.0
2023-02-21,0.02565612,52.11917461,0.0
2023-02-22,0.00240295,52.12157756,0.0
2023-02-23,0.08700943,52.20858699,0.0
2023-02-24,0.04462571,52.2532127,0.0
2023-02-27,0.06197241,52.31518511,0.0
2023-02-28,0.01417904,52.32936415,0.0
2023-03-01,0.04682815,52.3761923,0.0
2023-03-02,0.0572646,52.43345691,0.0
2023-03-03,0.15335857,52.58681548,0.0
2023-03-06,0.08369191,52.67050739,0.0
2023-03-07,0.03239951,52.70290689,0.0
2023-03-08,0.03680512,52.73971201,0.0
2023-03-09,0.01944142,52.75915344,0.0
2023-03-10,0.12617056,52.885324,0.0
2023-03-13,0.05903615,52.94436015,0.0
2023-03-14,0.06022562,53.00458576,0.0
2023-03-15,0.01387066,53.01845642,0.0
2023-03-16,0.08645668,53.10491311,0.0
2023-03-17,0.04584292,53.15075603,0.0
2023-03-20,0.01726096,53.16801699,0.0
2023-03-21,0.00333759,53.17135457,0.0
2023-03-22,0.02951906,53.20087363,0.0
2023-03-23,0.05752735,53.25840097,0.0
2023-03-24,0.06470868,53.32310966,0.0
2023-03-27,0.07054101,53.39365067,0.0
2023-03-28,0.01476665,53.40841732,0.0
2023-03-29,0.06147821,53.46989553,0.0
2023-03-30,0.09925288,53.56914842,0.0
2023-03-31,0.11349388,53.68264229,0.0
2023-04-03,0.0028463,53.68548859,0.0
2023-04-04,0.02632693,53.71181552,0.0
2023-04-05,0.04134254,53.75315806,0.0
2023-04-06,0.0381995,53.79135757,0.0
2023-04-10,0.03013547,53.82149304,0.0
2023-04-11,0.02994165,53.85143469,0.0
2023-04-12,0.06593201,53.9173667,0.0
2023-04-13,0.02849272,53.94585942,0.0
2023-04-14,0.04533517,53.9911946,0.0
2023-04-17,0.09281911,54.08401371,0.0
2023-04-18,0.01782928,54.10184299,0.0
2023-04-19,0.03113484,54.13297783,0.0
2023-04-20,0.06418511,54.19716294,0.0
2023-04-21,0.03477359,54.23193652,0.0
2023-04-24,0.07948738,54.31142391,0.0
2023-04-25,0.07365054,54.38507445,0.0
2023-04-26,0.10238492,54.48745937,0.0
2023-04-27,0.15627471,54.64373408,0.0
2023-04-28,0.09515194,54.73888602,0.0
2023-05-01,0.09440014,54.83328617,0.0
2023-05-02,0.02617257,54.85945874,0.0
2023-05-03,0.11983257,54.9792913,0.0
2023-05-04,0.07368851,55.05297981,0.0
2023-05-05,0.05211159,55.10509141,0.0
2023-05-08,0.03537887,55.14047027,0.0
2023-05-09,0.07495469,55.21542497,0.0
2023-05-10,0.05827003,55.273695,0.0
2023-05-11,0.08286765,55.35656265,0.0
2023-05-12,0.01030915,55.3668718,0.0
2023-05-15,0.02098521,55.38785701,0.0
2023-05-16,0.01718301,55.40504002,0.0
2023-05-17,0.10883006,55.51387008,0.0
2023-05-18,0.11219169,55.62606177,0.0
2023-05-19,0.05746747,55.68352924,0.0
2023-05-22,0.00497705,55.68850629,0.0
2023-05-23,-0.05408598,55.63442031,-0.05408598
2023-05-24,0.04957988,55.68400019,-0.0045061
2023-05-25,0.11207078,55.79607097,0.0
2023-05-26,-0.02212603,55.77394494,-0.02212603
2023-05-30,-0.03434859,55.73959635,-0.05647462
2023-05-31,0.02262369,55.76222004,-0.03385093
2023-06-01,0.0443438,55.80656384,0.0
2023-06-02,0.02085845,55.82742229,0.0
2023-06-05,0.01663884,55.84406113,0.0
2023-06-06,0.05055693,55.89461806,0.0
2023-06-07,0.03218547,55.92680352,0.0
2023-06-08,0.11551181,56.04231533,0.0
2023-06-09,0.13727452,56.17958984,0.0
2023-06-12,-0.01756461,56.16202524,-0.01756461
2023-06-13,-0.07201357,56.09001166,-0.08957818
2023-06-14,-0.04527206,56.0447396,-0.13485024
2023-06-15,-0.04044132,56.00429828,-0.17529156
2023-06-16,-0.00380124,56.00049704,-0.1790928
2023-06-20,0.04036384,56.04086088,-0.13872896
2023-06-21,0.01698644,56.05784732,-0.12174252
2023-06-22,0.00548387,56.06333119,-0.11625865
2023-06-23,-0.04591183,56.01741937,-0.16217047
2023-06-26,-0.00408605,56.01333332,-0.16625652
2023-06-27,-0.03411071,55.97922261,-0.20036723
2023-06-28,0.01340142,55.99262403,-0.18696582
2023-06-29,0.0121797,56.00480373,-0.17478612
2023-06-30,0.03333102,56.03813474,-0.1414551
2023-07-03,0.00391701,56.04205175,-0.13753809
2023-07-05,0.03268295,56.0747347,-0.10485514
2023-07-06,0.00390555,56.07864025,-0.1009496
2023-07-07,0.00309346,56.0817337,-0.09785614
2023-07-10,0.02738604,56.10911975,-0.07047009
2023-07-11,0.08486917,56.19398892,0.0
2023-07-12,0.07065949,56.26464841,0.0
2023-07-13,0.08180869,56.34645709,0.0
2023-07-14,0.01864311,56.36510021,0.0
2023-07-17,0.0309814,56.3960816,0.0
2023-07-18,0.01043006,56.40651166,0.0
2023-07-19,0.10033166,56.50684332,0.0
2023-07-20,0.06153924,56.56838256,0.0
2023-07-21,0.08053672,56.64891928,0.0
2023-07-24,0.01128681,56.66020609,0.0
2023-07-25,0.04040627,56.70061236,0.0
2023-07-26,0.02574202,56.72635437,0.0
2023-07-27,0.05171658,56.77807095,0.0
2023-07-28,0.0315509,56.80962185,0.0
2023-07-31,0.04064541,56.85026726,0.0
2023-08-01,0.07605563,56.92632289,0.0
2023-08-02,0.06196478,56.98828766,0.0
2023-08-03,0.0430538,57.03134146,0.0
2023-08-04,0.03400546,57.06534692,0.0
2023-08-07,0.01588914,57.08123606,0.0
2023-08-08,-0.02171261,57.05952345,-0.02171261
2023-08-09,-0.01828623,57.04123722,-0.03999884
2023-08-10,-0.03176457,57.00947265,-0.07176341
2023-08-11,0.00192321,57.01139585,-0.0698402
2023-08-14,0.02403134,57.0354272,-0.04580886
2023-08-15,-0.00823681,57.02719039,-0.05404567
2023-08-16,-0.01541356,57.01177682,-0.06945923
2023-08-17,0.06528266,57.07705948,-0.00417658
2023-08-18,0.04122868,57.11828816,0.0
2023-08-21,0.04184127,57.16012943,0.0
2023-08-22,0.02373941,57.18386884,0.0
2023-08-23,0.0171659,57.20103474,0.0
2023-08-24,0.00880312,57.20983786,0.0
2023-08-25,0.04411112,57.25394898,0.0
2023-08-28,0.00884115,57.26279013,0.0
2023-08-29,-0.05201447,57.21077566,-0.05201447
2023-08-30,0.00997494,57.2207506,-0.04203954
2023-08-31,-0.08107974,57.13967086,-0.12311927
2023-09-01,-0.00462275,57.13504811,-0.12774202
2023-09-05,-0.05812557,57.07692255,-0.18586759
2023-09-06,-0.16062334,56.91629921,-0.34649093
2023-09-07,0.0221415,56.9384407,-0.32434943
2023-09-08,-0.07102628,56.86741442,-0.39537571
2023-09-11,-0.04551258,56.82190184,-0.44088829
2023-09-12,0.01504902,56.83695086,-0.42583927
2023-09-13,-0.02154733,56.81540354,-0.4473866
2023-09-14,0.03449915,56.84990269,-0.41288745
2023-09-15,0.03248571,56.88238839,-0.38040174
2023-09-18,-0.00539793,56.87699046,-0.38579967
2023-09-19,0.01062841,56.88761887,-0.37517126
2023-09-20,0.00547451,56.89309338,-0.36969676
2023-09-21,0.01114665,56.90424003,-0.3585501
2023-09-22,0.01153832,56.91577836,-0.34701178
2023-09-25,0.03513275,56.95091111,-0.31187903
2023-09-26,0.03669711,56.98760822,-0.27518192
2023-09-27,0.01254742,57.00015563,-0.2626345
2023-09-28,-0.00168981,56.99846582,-0.26432431
2023-09-29,-0.02508793,56.97337789,-0.28941225
2023-10-02,-0.00155678,56.97182111,-0.29096903
2023-10-03,-0.02657908,56.94524202,-0.31754811
2023-10-04,0.00118495,56.94642697,-0.31636316
2023-10-05,-0.05061097,56.895816,-0.36697414
2023-10-06,-0.05430102,56.84151497,-0.42127516
2023-10-09,0.00080268,56.84231765,-0.42047248
2023-10-10,-0.00903484,56.83328281,-0.42950732
2023-10-11,-0.02047881,56.812804,-0.44998613
2023-10-12,0.02834761,56.84115162,-0.42163852
2023-10-13,0.00483822,56.84598983,-0.4168003
2023-10-16,-0.01209486,56.83389497,-0.42889516
2023-10-17,-0.02415682,56.80973815,-0.45305198
2023-10-18,0.02099115,56.83072931,-0.43206083
2023-10-19,-0.01121488,56.81951442,-0.44327571
2023-10-20,0.01313226,56.83264668,-0.43014345
2023-10-23,-0.00186898,56.83077771,-0.43201243
2023-10-24,0.17579627,57.00657397,-0.25621616
2023-10-25,0.07189146,57.07846544,-0.1843247
2023-10-26,0.24978208,57.32824751,0.0
2023-10-27,0.03251164,57.36075916,0.0
2023-10-30,-0.02309635,57.3376628,-0.02309635
2023-10-31,-0.00817952,57.32948328,-0.03127588
2023-11-01,0.04818401,57.37766728,0.0
2023-11-02,0.02094539,57.39861267,0.0
2023-11-03,0.26731653,57.6659292,0.0
2023-11-06,0.1108633,57.7767925,0.0
2023-11-07,0.01204252,57.78883502,0.0
2023-11-08,0.06379531,57.85263033,0.0
2023-11-09,0.11274639,57.96537672,0.0
2023-11-10,0.08426161,58.04963833,0.0
2023-11-13,0.07584047,58.1254788,0.0
2023-11-14,0.15050597,58.27598477,0.0
2023-11-15,-0.0042234,58.27176137,-0.0042234
2023-11-16,-0.01284417,58.25891719,-0.01706758
2023-11-17,0.1491514,58.40806859,0.0
2023-11-20,0.12691378,58.53498237,0.0
2023-11-21,-0.01714861,58.51783376,-0.01714861
2023-11-22,-0.01959372,58.49824004,-0.03674233
2023-11-24,-0.0122826,58.48595744,-0.04902494
2023-11-27,0.04193769,58.52789513,-0.00708724
2023-11-28,0.06015362,58.58804875,0.0
2023-11-29,0.09262861,58.68067735,0.0
2023-11-30,0.08689123,58.76756858,0.0
2023-12-01,0.08742441,58.85499299,0.0
2023-12-04,0.06993877,58.92493177,0.0
2023-12-05,-0.01307328,58.91185848,-0.01307328
2023-12-06,0.06364243,58.97550092,0.0
2023-12-07,0.09911881,59.07461973,0.0
2023-12-08,-0.00043594,59.07418379,-0.00043594
2023-12-11,0.06215792,59.13634172,0.0
2023-12-12,0.06095127,59.19729298,0.0
2023-12-13,0.03251736,59.22981034,0.0
2023-12-14,-0.11047755,59.11933279,-0.11047755
2023-12-15,-0.02746764,59.09186515,-0.1379452
2023-12-18,0.08127819,59.17314334,-0.056667
2023-12-19,-0.01005801,59.16308533,-0.06672501
2023-12-20,-0.0239264,59.13915893,-0.09065141
2023-12-21,0.06376356,59.20292249,-0.02688786
2023-12-22,0.01981411,59.22273659,-0.00707375
2023-12-26,0.02960902,59.25234561,0.0
2023-12-27,0.06911308,59.32145869,0.0
2023-12-28,0.04999801,59.3714567,0.0
2023-12-29,0.05686009,59.42831679,0.0
2024-01-02,-0.01928208,59.40903471,-0.01928208
2024-01-03,-0.03842592,59.37060879,-0.057708
2024-01-04,-0.02675361,59.34385518,-0.08446161
2024-01-05,-0.02227902,59.32157616,-0.10674063
2024-01-08,0.05099937,59.37257553,-0.05574126
2024-01-09,-0.04960813,59.3229674,-0.10534939
2024-01-10,-0.0303888,59.2925786,-0.13573819
2024-01-11,0.01230958,59.30488818,-0.12342861
2024-01-12,0.00589199,59.31078017,-0.11753662
2024-01-16,0.05465701,59.36543719,-0.06287961
2024-01-17,0.04816148,59.41359866,-0.01471813
2024-01-18,0.09227041,59.50586907,0.0
2024-01-19,0.00514084,59.51100992,0.0
2024-01-22,0.02697314,59.53798306,0.0
2024-01-23,0.02697943,59.56496249,0.0
2024-01-24,-0.00727596,59.55768652,-0.00727596
2024-01-25,0.05727177,59.61495829,0.0
2024-01-26,0.06732204,59.68228033,0.0
2024-01-29,0.03060997,59.7128903,0.0
2024-01-30,0.05776652,59.77065681,0.0
2024-01-31,0.08455432,59.85521114,0.0
2024-02-01,0.01777894,59.87299008,0.0
2024-02-02,0.03250187,59.90549196,0.0
2024-02-05,0.06082759,59.96631954,0.0
2024-02-06,0.04951444,60.01583399,0.0
2024-02-07,0.02117246,60.03700644,0.0
2024-02-08,0.00358452,60.04059096,0.0
2024-02-09,0.05026849,60.09085945,0.0
2024-02-12,0.00900025,60.0998597,0.0
2024-02-13,0.03639029,60.13624999,0.0
2024-02-14,0.04154682,60.17779682,0.0
2024-02-15,0.00573602,60.18353283,0.0
2024-02-16,0.01024351,60.19377635,0.0
2024-02-20,0.00274067,60.19651701,0.0
2024-02-21,-0.06776677,60.12875025,-0.06776677
2024-02-22,0.05720004,60.18595029,-0.01056672
2024-02-23,0.05586812,60.24181842,0.0
2024-02-26,0.05663479,60.2984532,0.0
2024-02-27,-0.0070103,60.29144291,-0.0070103
2024-02-28,-0.00393544,60.28750747,-0.01094573
2024-02-29,-0.04940579,60.23810168,-0.06035152
2024-03-01,-0.01855927,60.21954241,-0.07891079
2024-03-04,-0.0415265,60.17801592,-0.12043729
2024-03-05,-0.02149455,60.15652136,-0.14193184
2024-03-06,0.02610195,60.18262332,-0.11582988
2024-03-07,0.02250178,60.2051251,-0.0933281
2024-03-08,-0.06451067,60.14061443,-0.15783877
2024-03-11,-0.03565241,60.10496202,-0.19349118
2024-03-12,0.01345174,60.11841376,-0.18003944
2024-03-13,0.09390234,60.21231611,-0.0861371
2024-03-14,0.02642343,60.23873954,-0.05971367
2024-03-15,-0.05258963,60.18614991,-0.11230329
2024-03-18,0.03598568,60.22213559,-0.07631761
2024-03-19,-0.02177432,60.20036127,-0.09809193
2024-03-20,-0.00670384,60.19365743,-0.10479578
2024-03-21,-0.00138095,60.19227647,-0.10617673
2024-03-22,-0.00589257,60.1863839,-0.1120693
2024-03-25,-0.01283774,60.17354616,-0.12490704
2024-03-26,-0.02839371,60.14515246,-0.15330075
2024-03-27,-0.03934527,60.10580719,-0.19264601
2024-03-28,-0.05528971,60.05051748,-0.24793573
2024-04-01,-0.06574945,59.98476803,-0.31368518
2024-04-02,-0.05104984,59.93371818,-0.36473502
2024-04-03,-0.04658598,59.8871322,-0.41132101
2024-04-04,-0.08295679,59.8041754,-0.4942778
2024-04-05,-0.06606902,59.73810638,-0.56034682
2024-04-08,-0.03043159,59.70767479,-0.59077841
2024-04-09,0.05201752,59.75969231,-0.5387609
2024-04-10,0.02168383,59.78137614,-0.51707707
2024-04-11,-0.0243474,59.75702874,-0.54142447
2024-04-12,-0.03588451,59.72114423,-0.57730897
2024-04-15,-0.01794634,59.70319789,-0.59525532
2024-04-16,-0.01863758,59.6845603,-0.6138929
2024-04-17,0.00208966,59.68664997,-0.61180324
2024-04-18,-0.02287306,59.66377691,-0.63467629
2024-04-19,0.1121479,59.77592481,-0.52252839
2024-04-22,0.08659076,59.86251557,-0.43593764
2024-04-23,0.04839471,59.91091027,-0.38754293
2024-04-24,0.07032964,59.98123992,-0.31721329
2024-04-25,0.01474259,59.99598251,-0.3024707
2024-04-26,-0.05774277,59.93823973,-0.36021347
2024-04-29,0.00127547,59.9395152,-0.358938
2024-04-30,0.00514739,59.94466259,-0.35379062
2024-05-01,-0.05143106,59.89323152,-0.40522168
2024-05-02,-0.00496939,59.88826213,-0.41019108
2024-05-03,0.01118673,59.89944886,-0.39900435
2024-05-06,0.02770327,59.92715213,-0.37130107
2024-05-07,-0.00774751,59.91940462,-0.37904858
2024-05-08,-0.01323413,59.90617049,-0.39228271
2024-05-09,-0.02317969,59.8829908,-0.4154624
2024-05-10,-0.02184915,59.86114165,-0.43731155
2024-05-13,-0.01690439,59.84423727,-0.45421594
2024-05-14,0.0142002,59.85843747,-0.44001573
2024-05-15,0.00622295,59.86466042,-0.43379278
2024-05-16,-0.01067539,59.85398503,-0.44446817
2024-05-17,-0.03939919,59.81458585,-0.48386736
2024-05-20,0.00972358,59.82430942,-0.47414378
2024-05-21,-0.00074297,59.82356645,-0.47488675
2024-05-22,-0.0561472,59.76741926,-0.53103395
2024-05-23,0.02550105,59.7929203,-0.5055329
2024-05-24,3.771e-05,59.79295801,-0.5054952
2024-05-28,-0.05174384,59.74121417,-0.55723904
2024-05-29,-0.05249008,59.68872409,-0.60972912
2024-05-30,-0.01290529,59.6758188,-0.62263441
2024-05-31,-0.04472194,59.63109686,-0.66735635
2024-06-03,-0.07631992,59.55477694,-0.74367627
2024-06-04,0.02221658,59.57699352,-0.72145969
2024-06-05,0.01128895,59.58828247,-0.71017074
2024-06-06,-0.0098216,59.57846087,-0.71999233
2024-06-07,0.01799266,59.59645354,-0.70199967
2024-06-10,0.00145907,59.59791261,-0.7005406
2024-06-11,-0.02703515,59.57087745,-0.72757575
2024-06-12,-0.00382219,59.56705526,-0.73139794
2024-06-13,-0.00346176,59.56359351,-0.7348597
2024-06-14,-0.05768267,59.50591084,-0.79254237
2024-06-17,0.00467667,59.51058751,-0.78786569
2024-06-18,0.08910785,59.59969536,-0.69875784
2024-06-20,0.04616322,59.64585858,-0.65259462
2024-06-21,-0.06271346,59.58314512,-0.71530808
2024-06-24,-0.02370068,59.55944444,-0.73900876
2024-06-25,-0.05109131,59.50835313,-0.79010007
2024-06-26,-0.00957531,59.49877782,-0.79967539
2024-06-27,-0.00156268,59.49721513,-0.80123807
2024-06-28,-0.00994493,59.48727021,-0.811183
2024-07-01,-0.02717489,59.46009532,-0.83835788
2024-07-02,0.01897409,59.47906941,-0.8193838
2024-07-03,-0.01200683,59.46706258,-0.83139062
2024-07-05,-0.01233502,59.45472756,-0.84372564
2024-07-08,-0.03958413,59.41514344,-0.88330977
2024-07-09,-0.03056141,59.38458203,-0.91387118
2024-07-10,-0.04912603,59.33545599,-0.96299721
2024-07-11,0.0025187,59.33797469,-0.96047851
2024-07-12,-0.08517327,59.25280143,-1.04565178
2024-07-15,-0.00361922,59.24918221,-1.049271
2024-07-16,-0.08740896,59.16177324,-1.13667996
2024-07-17,-0.11828484,59.0434884,-1.2549648
2024-07-18,-0.07500178,58.96848662,-1.32996659
2024-07-19,-0.0239725,58.94451411,-1.35393909
2024-07-22,-0.01852798,58.92598613,-1.37246707
2024-07-23,-0.01032399,58.91566214,-1.38279106
2024-07-24,-0.04931384,58.8663483,-1.4321049
2024-07-25,-0.05189821,58.81445009,-1.48400311
2024-07-26,-0.05707725,58.75737284,-1.54108036
2024-07-29,-0.02359804,58.7337748,-1.5646784
2024-07-30,0.02048623,58.75426102,-1.54419218
2024-07-31,-0.08154672,58.67271431,-1.62573889
2024-08-01,-0.04288717,58.62982714,-1.66862606
2024-08-02,-0.0104869,58.61934024,-1.67911297
2024-08-05,0.0990269,58.71836714,-1.58008607
2024-08-06,0.0043656,58.72273274,-1.57572046
2024-08-07,-0.04453999,58.67819275,-1.62026046
2024-08-08,-0.09197103,58.58622172,-1.71223148
2024-08-09,-0.07738666,58.50883506,-1.78961815
2024-08-12,0.08574463,58.59457968,-1.70387352
2024-08-13,-0.00496317,58.58961651,-1.7088367
2024-08-14,0.08364103,58.67325754,-1.62519567
2024-08-15,-0.00925903,58.66399851,-1.63445469
2024-08-16,0.00111633,58.66511484,-1.63333836
2024-08-19,0.01152778,58.67664262,-1.62181058
2024-08-20,-0.01675081,58.65989181,-1.63856139
2024-08-21,-0.13146916,58.52842265,-1.77003055
2024-08-22,-0.03113477,58.49728788,-1.80116532
2024-08-23,0.06070982,58.5579977,-1.7404555
2024-08-26,0.04666849,58.6046662,-1.69378701
2024-08-27,0.00263159,58.60729778,-1.69115542
2024-08-28,-0.02696698,58.5803308,-1.7181224
2024-08-29,-0.02466862,58.55566218,-1.74279102
2024-08-30,-0.09099986,58.46466233,-1.83379088
2024-09-03,-0.00805848,58.45660385,-1.84184936
2024-09-04,0.04297217,58.49957602,-1.79887719
2024-09-05,0.00817712,58.50775314,-1.79070007
2024-09-06,0.01196241,58.51971555,-1.77873765
2024-09-09,0.05128214,58.57099769,-1.72745551
2024-09-10,0.17313137,58.74412907,-1.55432414
2024-09-11,0.15844768,58.90257675,-1.39587646
2024-09-12,0.05633674,58.95891349,-1.33953972
2024-09-13,-0.00113793,58.95777556,-1.34067764
2024-09-16,0.02453054,58.9823061,-1.31614711
2024-09-17,0.06266607,59.04497217,-1.25348103
2024-09-18,0.08064336,59.12561553,-1.17283767
2024-09-19,0.06010807,59.1857236,-1.11272961
2024-09-20,0.01149456,59.19721816,-1.10123505
2024-09-23,0.01053587,59.20775403,-1.09069917
2024-09-24,-0.01659451,59.19115952,-1.10729368
2024-09-25,-0.00201521,59.18914431,-1.10930889
2024-09-26,0.03861046,59.22775477,-1.07069843
2024-09-27,0.01124696,59.23900173,-1.05945148
2024-09-30,0.01228017,59.2512819,-1.0471713
2024-10-01,0.00311881,59.25440071,-1.04405249
2024-10-02,0.01016521,59.26456592,-1.03388728
2024-10-03,0.03694253,59.30150845,-0.99694476
2024-10-04,0.01525604,59.31676449,-0.98168872
2024-10-07,-0.00489479,59.3118697,-0.98658351
2024-10-08,0.0015963,59.313466,-0.98498721
2024-10-09,0.01259581,59.3260618,-0.9723914
2024-10-10,-0.02721483,59.29884697,-0.99960623
2024-10-11,0.04986171,59.34870868,-0.94974452
2024-10-14,-0.02180865,59.32690004,-0.97155317
2024-10-15,-0.05329185,59.27360819,-1.02484501
2024-10-16,-0.02287336,59.25073483,-1.04771837
2024-10-17,-0.00482407,59.24591076,-1.05254245
2024-10-18,0.02385426,59.26976502,-1.02868819
2024-10-21,0.04671184,59.31647686,-0.98197635
2024-10-22,0.02451247,59.34098933,-0.95746388
2024-10-23,0.03134373,59.37233305,-0.92612015
2024-10-24,-0.04132675,59.3310063,-0.9674469
2024-10-25,-0.03687247,59.29413383,-1.00431937
2024-10-28,-0.06714667,59.22698716,-1.07146604
2024-10-29,-0.01796163,59.20902553,-1.08942768
2024-10-30,-0.03007813,59.1789474,-1.11950581
2024-10-31,-0.01282959,59.16611781,-1.1323354
2024-11-01,0.0438626,59.20998041,-1.0884728
2024-11-04,-0.00815452,59.20182588,-1.09662732
2024-11-05,-5.741e-05,59.20176848,-1.09668473
2024-11-06,0.01094688,59.21271536,-1.08573784
2024-11-07,-0.04697307,59.1657423,-1.13271091
2024-11-08,-0.0846198,59.0811225,-1.2173307
2024-11-11,-0.0247372,59.0563853,-1.2420679
2024-11-12,-0.02867913,59.02770617,-1.27074704
2024-11-13,-0.04829414,58.97941203,-1.31904118
2024-11-14,-0.11589899,58.86351304,-1.43494017
2024-11-15,-0.09694092,58.76657211,-1.53188109
2024-11-18,-0.06146805,58.70510406,-1.59334914
2024-11-19,-0.03054619,58.67455787,-1.62389533
2024-11-20,-0.02004569,58.65451218,-1.64394102
2024-11-21,0.03886164,58.69337382,-1.60507938
2024-11-22,0.01155283,58.70492665,-1.59352655
2024-11-25,-0.04791418,58.65701247,-1.64144074
2024-11-26,-0.01806153,58.63895094,-1.65950227
2024-11-27,-0.0684714,58.57047953,-1.72797367
2024-11-29,-0.09262125,58.47785828,-1.82059493
2024-12-02,-0.11887408,58.35898419,-1.93946901
2024-12-03,-0.03207236,58.32691184,-1.97154137
2024-12-04,-0.05358533,58.2733265,-2.0251267
2024-12-05,-0.03491434,58.23841216,-2.06004104
2024-12-06,0.0101623,58.24857446,-2.04987875
2024-12-09,0.02835194,58.2769264,-2.02152681
2024-12-10,-0.02488262,58.25204377,-2.04640943
2024-12-11,-0.00601991,58.24602386,-2.05242934
2024-12-12,-0.02532462,58.22069925,-2.07775396
2024-12-13,-0.01046768,58.21023157,-2.08822164
2024-12-16,-0.0227838,58.18744777,-2.11100544
2024-12-17,-0.05258207,58.1348657,-2.16358751
2024-12-18,-0.03149309,58.1033726,-2.1950806
2024-12-19,-0.01051919,58.09285342,-2.20559979
2024-12-20,0.02019822,58.11305164,-2.18540157
2024-12-23,0.00466846,58.11772009,-2.18073311
2024-12-24,0.00181287,58.11953296,-2.17892025
2024-12-26,-0.03976847,58.07976448,-2.21868872
2024-12-27,0.00414518,58.08390966,-2.21454354
2024-12-30,-0.01660186,58.06730781,-2.2311454
2024-12-31,0.01409281,58.08140062,-2.21705259
2025-01-02,-0.01033325,58.07106737,-2.22738584
2025-01-03,0.00067739,58.07174476,-2.22670845
2025-01-06,-0.0254961,58.04624866,-2.25220454
2025-01-07,-0.04350274,58.00274592,-2.29570728
2025-01-08,-0.01450087,57.98824506,-2.31020815
2025-01-10,-0.08705231,57.90119274,-2.39726046
2025-01-13,-0.04527189,57.85592085,-2.44253235
2025-01-14,0.04048168,57.89640254,-2.40205067
2025-01-15,0.00166104,57.89806357,-2.40038963
2025-01-16,-0.02563582,57.87242775,-2.42602545
2025-01-17,-0.03571118,57.83671657,-2.46173664
2025-01-21,-0.00254009,57.83417647,-2.46427673
2025-01-22,0.0002841,57.83446058,-2.46399263
2025-01-23,0.00293802,57.8373986,-2.46105461
2025-01-24,-0.06213079,57.77526781,-2.5231854
2025-01-27,-0.0928574,57.68241041,-2.6160428
2025-01-28,-0.07992729,57.60248312,-2.69597008
2025-01-29,0.00695892,57.60944204,-2.68901117
2025-01-30,-0.01664881,57.59279322,-2.70565998
2025-01-31,-0.03721355,57.55557967,-2.74287353
2025-02-03,-0.02327908,57.53230059,-2.76615262
2025-02-04,-0.03576097,57.49653961,-2.80191359
2025-02-05,-0.02078511,57.47575451,-2.8226987
2025-02-06,-0.0234738,57.4522807,-2.8461725
2025-02-07,-0.01861415,57.43366655,-2.86478666
2025-02-10,-0.034604,57.39906254,-2.89939066
2025-02-11,0.00371735,57.4027799,-2.89567331
2025-02-12,-0.00700688,57.39577302,-2.90268019
2025-02-13,-0.01990166,57.37587135,-2.92258185
2025-02-14,-0.01434336,57.361528,-2.93692521
2025-02-18,-0.02936166,57.33216634,-2.96628686
2025-02-19,-0.0186707,57.31349565,-2.98495756
2025-02-20,-0.01903893,57.29445671,-3.00399649
2025-02-21,-0.01605047,57.27840625,-3.02004696
2025-02-24,-0.00628962,57.27211663,-3.02633657
2025-02-25,-0.00676713,57.2653495,-3.0331037
2025-02-26,-0.01484372,57.25050578,-3.04794743
2025-02-27,-0.04232284,57.20818293,-3.09027027
2025-02-28,-0.00646453,57.2017184,-3.09673481
2025-03-03,-0.00495131,57.19676709,-3.10168611
2025-03-04,-0.00670055,57.19006654,-3.10838667
2025-03-05,-0.00094975,57.18911678,-3.10933642
2025-03-06,-0.00043773,57.18867905,-3.10977415
2025-03-07,-0.02436466,57.1643144,-3.13413881
2025-03-10,0.10399687,57.26831126,-3.03014194
2025-03-11,0.02514275,57.29345401,-3.0049992
2025-03-12,-0.00272279,57.29073122,-3.00772198
2025-03-13,-0.01813154,57.27259968,-3.02585352
2025-03-14,-0.01027947,57.26232021,-3.03613299
2025-03-17,0.00121536,57.26353557,-3.03491764
2025-03-18,0.05505659,57.31859216,-2.97986104
2025-03-19,-0.01147659,57.30711556,-2.99133764
2025-03-20,-0.01346171,57.29365386,-3.00479935
2025-03-21,0.00397563,57.29762949,-3.00082371
2025-03-24,-0.00349089,57.2941386,-3.00431461
2025-03-25,0.1009764,57.395115,-2.90333821
2025-03-26,0.10060679,57.49572179,-2.80273142
2025-03-27,0.11566673,57.61138852,-2.68706468
2025-03-28,0.05695926,57.66834778,-2.63010543
2025-03-31,0.13128565,57.79963343,-2.49881978
2025-04-01,0.09285253,57.89248596,-2.40596724
2025-04-02,0.03807659,57.93056256,-2.36789065
2025-04-03,0.31301631,58.24357886,-2.05487434
2025-04-04,0.52684816,58.77042702,-1.52802618
2025-04-07,0.17987721,58.95030423,-1.34814897
2025-04-08,0.28516734,59.23547158,-1.06298163
2025-04-09,0.34705854,59.58253011,-0.71592309
2025-04-10,0.02097587,59.60350599,-0.69494722
2025-04-11,0.01600642,59.61951241,-0.6789408
2025-04-14,0.00511997,59.62463238,-0.67382082
2025-04-15,0.03525318,59.65988556,-0.63856764
2025-04-16,0.06015293,59.72003849,-0.57841472
2025-04-17,0.22742627,59.94746476,-0.35098845
2025-04-21,0.04786031,59.99532507,-0.30312814
2025-04-22,0.03867041,60.03399548,-0.26445773
2025-04-23,0.02788906,60.06188454,-0.23656866
2025-04-24,0.03203179,60.09391633,-0.20453687
2025-04-25,0.02165151,60.11556784,-0.18288537
2025-04-28,0.02979036,60.1453582,-0.153095
2025-04-29,0.04256612,60.18792432,-0.11052889
2025-04-30,0.02221299,60.21013731,-0.08831589
2025-05-01,0.07935553,60.28949284,-0.00896037
2025-05-02,0.04564245,60.33513529,0.0
2025-05-05,0.177723,60.51285828,0.0
2025-05-06,0.04124219,60.55410047,0.0
2025-05-07,0.06790794,60.62200841,0.0
2025-05-08,0.13923518,60.76124359,0.0
2025-05-09,0.04658979,60.80783338,0.0
2025-05-12,0.07824592,60.8860793,0.0
2025-05-13,0.09004179,60.97612108,0.0
2025-05-14,0.07445155,61.05057263,0.0
2025-05-15,-0.01301595,61.03755668,-0.01301595
2025-05-16,0.004369,61.04192568,-0.00864695
2025-05-19,0.10166552,61.1435912,0.0
2025-05-20,0.13149262,61.27508382,0.0
2025-05-21,0.18583552,61.46091933,0.0
2025-05-22,0.04574699,61.50666632,0.0
2025-05-23,0.09004028,61.5967066,0.0
2025-05-27,0.11128191,61.70798851,0.0
2025-05-28,0.01149112,61.71947964,0.0
2025-05-29,0.01970022,61.73917986,0.0
2025-05-30,0.03409678,61.77327664,0.0
2025-06-02,0.02749042,61.80076707,0.0
2025-06-03,0.02030228,61.82106935,0.0
2025-06-04,0.07460937,61.89567872,0.0
2025-06-05,0.0445128,61.94019152,0.0
2025-06-06,0.021868,61.96205952,0.0
2025-06-09,0.01185411,61.97391364,0.0
2025-06-10,0.003019,61.97693263,0.0
2025-06-11,0.03233656,62.00926919,0.0
2025-06-12,0.03493912,62.04420831,0.0
2025-06-13,0.00877543,62.05298375,0.0
2025-06-16,0.06860237,62.12158612,0.0
2025-06-17,0.00152249,62.12310861,0.0
2025-06-18,-0.00979838,62.11331023,-0.00979838
2025-06-20,0.03806635,62.15137658,0.0
2025-06-23,-0.03916834,62.11220824,-0.03916834
2025-06-24,0.02809829,62.14030653,-0.01107005
2025-06-25,0.00089476,62.14120129,-0.01017529
2025-06-26,0.12795138,62.26915267,0.0
2025-06-27,0.05481218,62.32396485,0.0
2025-06-30,0.03768516,62.36165001,0.0
2025-07-01,0.08955394,62.45120396,0.0
2025-07-02,0.03690959,62.48811355,0.0
2025-07-03,0.03909269,62.52720624,0.0
2025-07-07,0.02343685,62.55064309,0.0
2025-07-08,0.08345772,62.6341008,0.0
2025-07-09,0.1164171,62.7505179,0.0
2025-07-10,0.03169778,62.78221568,0.0
2025-07-11,-0.00087,62.78134568,-0.00087
2025-07-14,0.00372709,62.78507277,0.0
2025-07-15,0.0071124,62.79218517,0.0
2025-07-16,0.0748537,62.86703886,0.0
2025-07-17,0.0319007,62.89893957,0.0
2025-07-18,0.04983926,62.94877883,0.0
2025-07-21,0.02044176,62.96922059,0.0
2025-07-22,0.01468754,62.98390813,0.0
2025-07-23,-0.07967045,62.90423768,-0.07967045
2025-07-24,-0.02013107,62.88410661,-0.09980152
2025-07-25,-0.02557276,62.85853385,-0.12537428
2025-07-28,0.00970262,62.86823647,-0.11567167
2025-07-29,0.04902036,62.91725682,-0.06665131
2025-07-30,0.02357895,62.94083577,-0.04307236
2025-07-31,-0.01779929,62.92303648,-0.06087166
2025-08-01,-0.02110523,62.90193125,-0.08197689
2025-08-04,0.02426564,62.92619689,-0.05771124
2025-08-05,0.00133212,62.92752901,-0.05637912
2025-08-06,0.06403965,62.99156866,0.0
2025-08-07,0.03415485,63.02572351,0.0
2025-08-08,0.06460057,63.09032409,0.0
2025-08-11,0.04474511,63.13506919,0.0
2025-08-12,-0.00768451,63.12738469,-0.00768451
2025-08-13,0.04785502,63.1752397,0.0
2025-08-14,0.03629514,63.21153485,0.0
2025-08-15,0.06306215,63.274597,0.0
2025-08-18,0.01942958,63.29402658,0.0
2025-08-19,0.03646328,63.33048986,0.0
2025-08-20,0.02168973,63.35217959,0.0
2025-08-21,-0.01641043,63.33576916,-0.01641043
2025-08-22,-0.0109487,63.32482046,-0.02735913
2025-08-25,-0.01451716,63.3103033,-0.04187629
2025-08-26,0.00308948,63.31339279,-0.03878681
2025-08-27,0.02597319,63.33936597,-0.01281362
2025-08-28,-0.02198248,63.31738349,-0.0347961
2025-08-29,-0.00486111,63.31252238,-0.03965721
2025-09-02,-0.00656703,63.30595535,-0.04622424
2025-09-03,0.0274494,63.33340475,-0.01877484
2025-09-04,-0.00984405,63.3235607,-0.02861889
2025-09-05,0.02588489,63.34944559,-0.002734
2025-09-08,0.01093521,63.3603808,0.0
2025-09-09,0.01824396,63.37862476,0.0
2025-09-10,0.02599426,63.40461902,0.0
2025-09-11,0.01226617,63.4168852,0.0
2025-09-12,0.01957821,63.43646341,0.0
2025-09-15,0.01921821,63.45568162,0.0
2025-09-16,0.03356549,63.48924711,0.0
2025-09-17,0.03344188,63.52268898,0.0
2025-09-18,0.00993348,63.53262247,0.0
2025-09-19,0.00960387,63.54222634,0.0
2025-09-22,0.01130523,63.55353157,0.0
2025-09-23,-0.02677994,63.52675163,-0.02677994
2025-09-24,0.01256511,63.53931674,-0.01421483
2025-09-25,0.03139267,63.57070941,0.0
2025-09-26,0.04971698,63.62042639,0.0
2025-09-29,0.06231281,63.6827392,0.0
2025-09-30,0.04265866,63.72539786,0.0
2025-10-01,0.00593255,63.73133041,0.0
2025-10-02,0.01072976,63.74206017,0.0
2025-10-03,-0.00271768,63.73934249,-0.00271768
2025-10-06,0.00760057,63.74694306,0.0
2025-10-07,-0.00496628,63.74197679,-0.00496628
2025-10-08,-0.00769317,63.73428362,-0.01265945
2025-10-09,-0.01195572,63.7223279,-0.02461516
2025-10-10,0.00854507,63.73087297,-0.01607009
2025-10-13,0.00123488,63.73210785,-0.01483522
2025-10-14,0.01148845,63.74359629,-0.00334677
2025-10-15,-0.02501909,63.7185772,-0.02836586
2025-10-16,-0.00857652,63.71000068,-0.03694238
2025-10-17,-0.01772699,63.69227369,-0.05466937
2025-10-20,-0.02033586,63.67193783,-0.07500523
2025-10-21,-0.01650479,63.65543304,-0.09151002
2025-10-22,-0.01631404,63.639119,-0.10782407
2025-10-23,-0.01055915,63.62855985,-0.11838321
2025-10-24,-0.02372586,63.60483399,-0.14210907
2025-10-27,-0.02043416,63.58439982,-0.16254324
2025-10-28,-0.01568582,63.568714,-0.17822906
2025-10-29,-0.02354737,63.54516663,-0.20177643
2025-10-30,-0.0144332,63.53073343,-0.21620964
2025-10-31,-0.05160011,63.47913331,-0.26780975
2025-11-03,-0.02882853,63.45030478,-0.29663828
2025-11-04,-0.00291222,63.44739256,-0.2995505
2025-11-05,-0.00535996,63.4420326,-0.30491047
2025-11-06,-0.00514136,63.43689123,-0.31005183
2025-11-07,-0.00368749,63.43320374,-0.31373932
2025-11-10,0.0097072,63.44291094,-0.30403212
2025-11-11,0.00107259,63.44398353,-0.30295953
2025-11-12,-0.0249436,63.41903993,-0.32790313
2025-11-13,-0.00796507,63.41107486,-0.3358682
2025-11-14,0.00236127,63.41343613,-0.33350694
2025-11-17,-0.00298414,63.41045198,-0.33649108
2025-11-18,-0.00725502,63.40319696,-0.3437461
2025-11-19,0.0013203,63.40451726,-0.3424258
2025-11-20,0.02131067,63.42582793,-0.32111513
2025-11-21,0.00647972,63.43230766,-0.31463541
2025-11-24,0.00315482,63.43546247,-0.31148059
2025-11-25,0.00956353,63.44502601,-0.30191706
2025-11-26,-0.00374161,63.4412844,-0.30565866
2025-11-28,-0.00367644,63.43760796,-0.3093351
2025-12-01,-0.00773042,63.42987754,-0.31706552
2025-12-02,-0.01398954,63.415888,-0.33105507
2025-12-03,0.00121633,63.41710433,-0.32983874
2025-12-04,0.0009403,63.41804462,-0.32889844
2025-12-05,-0.00340961,63.41463501,-0.33230805
2025-12-08,0.00104826,63.41568327,-0.33125979
2025-12-09,-0.01674435,63.39893892,-0.34800415
2025-12-10,-0.00532773,63.39361118,-0.35333188
2025-12-11,-0.00487305,63.38873813,-0.35820493
2025-12-12,0.00275055,63.39148869,-0.35545438
2025-12-15,0.02485803,63.41634672,-0.33059635
2025-12-16,0.02376461,63.44011133,-0.30683174
2025-12-17,0.0095365,63.44964783,-0.29729524
2025-12-18,0.00012085,63.44976868,-0.29717439
2025-12-19,0.04083815,63.49060682,-0.25633624
2025-12-22,0.05343517,63.54404199,-0.20290107
2025-12-23,0.02974014,63.57378213,-0.17316093
2025-12-24,0.01874476,63.59252689,-0.15441618
2025-12-26,-0.00175962,63.59076727,-0.1561758
2025-12-29,0.01010474,63.600872,-0.14607106
2025-12-30,-0.01354894,63.58732307,-0.15962
2025-12-31,-0.02127332,63.56604975,-0.18089332
2026-01-02,-0.01263651,63.55341324,-0.19352982
2026-01-05,0.00545627,63.55886951,-0.18807355
2026-01-06,0.00990989,63.56877941,-0.17816366
2026-01-12,0.00410722,63.57288662,-0.17405644
2026-01-13,-0.01482867,63.55805795,-0.18888512
2026-01-14,-0.00711247,63.55094548,-0.19599758
2026-01-15,-0.0044181,63.54652738,-0.20041569
2026-01-16,-0.00713202,63.53939535,-0.20754771
2026-01-20,0.00131908,63.54071443,-0.20622864
2026-01-21,-0.01895296,63.52176147,-0.22518159
2026-01-22,0.00190198,63.52366345,-0.22327961
2026-01-23,-0.01405179,63.50961166,-0.2373314
2026-01-26,0.01175075,63.52136241,-0.22558065
2026-01-27,0.00659817,63.52796058,-0.21898248
2026-01-28,-0.01794407,63.51001652,-0.23692655
2026-01-29,-0.04806379,63.46195273,-0.28499033
2026-01-30,-0.01018502,63.45176771,-0.29517536
2026-02-02,-0.0019611,63.44980661,-0.29713646
2026-02-03,-0.00377854,63.44602807,-0.300915
2026-02-04,0.00696693,63.452995,-0.29394807
2026-02-05,-0.00784636,63.44514864,-0.30179442
2026-02-06,-0.00191941,63.44322923,-0.30371384
2026-02-09,0.00489244,63.44812167,-0.2988214
2026-02-10,0.00108849,63.44921015,-0.29773291
2026-02-11,0.00046896,63.44967911,-0.29726395
2026-02-12,-0.00027276,63.44940636,-0.29753671
2026-02-13,-0.00114438,63.44826198,-0.29868109
2026-02-17,-0.00046462,63.44779736,-0.29914571
2026-02-18,-0.00085934,63.44693802,-0.30000504
2026-02-19,-0.00035001,63.44658801,-0.30035505
2026-02-20,-0.01002091,63.4365671,-0.31037597
2026-02-23,-0.00543064,63.43113646,-0.31580661
2026-02-24,0.00069798,63.43183443,-0.31510863
2026-02-25,-0.00523442,63.42660001,-0.32034305
2026-02-26,-0.00048765,63.42611237,-0.3208307
2026-02-27,-0.0031767,63.42293566,-0.3240074
2026-03-02,-0.00407893,63.41885673,-0.32808633
2026-03-03,-0.00321938,63.41563735,-0.33130572
2026-03-04,-0.00034121,63.41529614,-0.33164693
2026-03-05,-0.00252438,63.41277175,-0.33417131
2026-03-06,-0.00241094,63.41036082,-0.33658225
2026-03-09,-0.00187529,63.40848552,-0.33845754
2026-03-10,0.00564512,63.41413064,-0.33281242
2026-03-11,-0.00166289,63.41246776,-0.3344753
2026-03-12,-0.00705161,63.40541615,-0.34152692
2026-03-13,-0.00723679,63.39817935,-0.34876371
2026-03-16,-0.00235105,63.39582831,-0.35111476
2026-03-17,-0.00112858,63.39469972,-0.35224334
2026-03-18,6.383e-05,63.39476355,-0.35217951
2026-03-19,0.00028313,63.39504668,-0.35189639
2026-03-20,-0.00078454,63.39426214,-0.35268093
2026-03-23,-1.737e-05,63.39424476,-0.3526983
2026-03-24,-0.0003112,63.39393356,-0.3530095
2026-03-25,-0.00215626,63.3917773,-0.35516576
2026-03-26,0.01400907,63.40578637,-0.34115669
2026-03-27,0.07132033,63.4771067,-0.26983636
2026-03-30,-0.00152048,63.47558622,-0.27135684
2026-03-31,0.02729278,63.502879,-0.24406406
2026-04-01,0.0006073,63.50348631,-0.24345676
2026-04-02,0.00054581,63.50403212,-0.24291095
2026-04-06,-0.00046248,63.50356964,-0.24337343
2026-04-07,0.00762648,63.51119611,-0.23574695
2026-04-08,0.0179035,63.52909961,-0.21784345
2026-04-09,0.02669808,63.55579769,-0.19114537
2026-04-10,0.04574853,63.60154622,-0.14539684
2026-04-13,0.00415364,63.60569986,-0.1412432
2026-04-14,0.00264822,63.60834808,-0.13859499
2026-04-15,0.00602536,63.61437344,-0.13256963
2026-04-16,0.00387466,63.6182481,-0.12869496
2026-04-17,0.00687354,63.62512164,-0.12182142
2026-04-20,0.00045696,63.6255786,-0.12136446
2026-04-21,-0.00025667,63.62532193,-0.12162113
2026-04-22,-0.00055881,63.62476313,-0.12217994
2026-04-23,0.01038271,63.63514583,-0.11179723
2026-04-24,0.00730328,63.64244911,-0.10449395
2026-04-27,0.00089014,63.64333925,-0.10360381
2026-04-28,0.01918206,63.66252131,-0.08442175
2026-04-29,0.00362183,63.66614314,-0.08079993
2026-04-30,0.00103563,63.66717877,-0.0797643
2026-05-01,0.00309122,63.67026999,-0.07667307
2026-05-06,0.00044272,63.67071272,-0.07623035
2026-05-07,0.00320769,63.67392041,-0.07302266
2026-05-08,-0.00014676,63.67377365,-0.07316942
