period,dcfbeec9cf4c5190,ef3f1ebb21d03d5c,292441755c5ffdcc,7d30471f7325a2a8,f173207ae9bd5ccd,0dc08daefa67c12e
2018-02-13,0.0,0.0,0.0,0.0,0.0,-0.084677
2018-03-02,0.0,0.0,0.0,0.0,0.0,-0.19046600000000002
2018-03-06,0.0,0.0,0.0,0.0,0.0,-0.015602999999999978
2018-03-07,0.0,0.0,0.0,0.0,0.0,0.09972700000000001
2018-03-08,0.0,0.0,0.0,0.0,0.0,-0.05107400000000001
2018-03-12,0.0,0.0,0.0,0.0,0.0,0.20386300000000002
2018-03-13,0.0,0.0,0.0,0.0,0.0,0.017347
2018-04-18,0.0,0.0,0.0,0.0,0.0,-0.08593
2018-04-19,0.0,0.0,0.0,0.0,0.0,-0.050296999999999994
2018-04-25,0.0,0.0,0.0,0.0,0.0,-0.06567500000000001
2018-04-26,0.0,0.0,0.0,0.0,0.0,-0.106933
2018-04-27,0.0,0.0,0.0,0.0,0.0,0.139461
2018-05-01,0.0,0.0,0.0,0.0,0.0,0.103259
2018-05-21,0.0,0.0,0.0,0.0,0.0,0.082211
2018-05-23,0.0,0.0,0.0,0.0,0.0,0.011918
2018-05-25,0.0,0.0,0.0,0.0,0.0,0.188231
2018-06-01,0.0,0.0,0.0,0.0,0.0,0.02742
2018-07-06,0.0,0.0,0.0,0.0,0.0,-0.083177
2018-08-22,0.0,0.0,0.0,0.0,0.0,-0.078931
2018-08-24,0.0,0.0,0.0,0.0,0.0,0.19767800000000002
2018-08-30,0.0,0.0,0.0,0.0,0.0,0.066774
2018-08-31,0.0,0.0,0.0,0.0,0.0,-0.13938600000000004
2018-09-06,0.0,0.0,0.0,0.0,0.0,-0.30982
2018-09-18,0.0,0.0,0.0,0.0,0.0,0.057017
2018-09-25,0.0,0.0,0.0,0.0,0.0,0.308215
2018-09-26,0.0,0.0,0.0,0.0,0.0,0.224347
2018-10-03,0.0,0.0,0.0,0.0,0.0,-0.03681400000000001
2018-10-29,0.0,0.0,0.0,0.0,0.0,0.21468300000000007
2018-10-30,0.0,0.0,0.0,0.0,0.0,0.011795999999999918
2018-11-08,0.0,0.0,0.0,0.0,0.0,-0.33532199999999995
2018-11-09,0.0,0.0,0.0,0.0,0.0,-0.029461000000000015
2018-11-12,0.0,0.0,0.0,0.0,0.0,-0.095835
2018-11-21,0.0,0.0,0.0,0.0,0.0,0.09975899999999999
2018-11-23,0.0,0.0,0.0,0.0,0.0,-0.510402
2018-11-26,0.0,0.0,0.0,0.0,0.0,-0.23755799999999996
2018-11-27,0.0,0.0,0.0,0.0,0.0,-0.08736899999999997
2018-11-28,0.0,0.0,0.0,0.0,0.0,0.04024099999999997
2018-11-29,0.0,0.0,0.0,0.0,0.0,-0.27482800000000007
2018-12-04,0.0,0.0,0.0,0.0,0.0,-0.1983999999999999
2018-12-19,0.0,0.0,0.0,0.0,0.0,-0.20763599999999993
2018-12-20,0.0,0.0,0.0,0.0,0.0,-0.116344
2019-01-04,0.0,0.0,0.0,0.0,0.0,-0.24865000000000004
2019-01-07,0.0,0.0,0.0,0.0,0.0,-0.18476500000000007
2019-01-22,0.0,0.0,0.0,0.0,0.0,0.05754999999999999
2019-01-24,0.0,0.0,0.0,0.0,0.0,0.36360499999999996
2019-01-28,0.0,0.0,0.0,0.0,0.0,0.09325300000000003
2019-02-04,0.0,0.0,0.0,0.0,0.0,0.154374
2019-02-20,0.0,0.0,0.0,0.0,0.0,-0.04900700000000002
2019-02-27,0.0,0.0,0.0,0.0,0.0,0.07607800000000009
2019-03-01,0.0,0.0,0.0,0.0,0.0,-0.015627999999999975
2019-03-04,0.0,0.0,0.0,0.0,0.0,-0.0459210000000001
2019-03-05,0.0,0.0,0.0,0.0,0.0,-0.009292000000000078
2019-04-01,0.0,0.0,0.0,0.0,0.0,-0.06902999999999992
2019-04-17,0.0,0.0,0.0,0.0,0.0,0.007308000000000092
2019-04-22,0.0,0.0,0.0,0.0,0.0,-0.03960200000000014
2019-05-03,0.0,0.0,0.0,0.0,0.0,-0.07756699999999994
2019-05-06,0.0,0.0,0.0,0.0,0.0,-0.0964560000000001
2019-05-24,0.0,0.0,0.0,0.0,0.0,-0.11312699999999998
2019-05-30,0.0,0.0,0.0,0.0,0.0,-0.11468099999999981
2019-05-31,0.0,0.0,0.0,0.0,0.0,-0.21839300000000006
2019-06-12,0.0,0.0,0.0,0.0,0.0,-0.03333900000000001
2019-06-26,0.0,0.0,0.0,0.0,0.0,-0.02005199999999996
2019-07-02,0.0,0.0,0.0,0.0,0.0,0.25178599999999984
2019-08-23,0.0,0.0,0.0,0.0,0.0,-0.12612999999999985
2019-08-26,0.0,0.0,0.0,0.0,0.0,-0.10945899999999997
2019-08-29,0.0,0.0,0.0,0.0,0.0,-0.017159000000000146
2019-09-04,0.0,0.0,0.0,0.0,0.0,0.010040999999999967
2019-09-09,0.0,0.0,0.0,0.0,0.0,-0.150825
2019-09-13,0.0,0.0,0.0,0.0,0.0,0.010549000000000142
2019-09-17,0.0,0.0,0.0,0.0,0.0,0.084808
2019-09-18,0.0,0.0,0.0,0.0,0.0,0.00387000000000004
2019-11-22,0.0,0.0,0.0,0.0,0.0,0.0613189999999999
2019-11-25,0.0,0.0,0.0,0.0,0.0,-0.024979000000000084
2020-01-28,0.0,0.0,0.0,0.0,0.0,-0.05830499999999983
2020-02-12,0.0,0.0,0.0,0.0,0.0,0.4118949999999999
2020-03-02,0.0,0.0,0.0,0.0,0.0,-0.11247300000000005
2020-03-03,0.0,0.0,0.0,0.0,0.0,-0.09964799999999996
2020-03-04,0.0,0.0,0.0,0.0,0.0,-0.08910299999999993
2020-03-05,0.0,0.0,0.0,0.0,0.0,-0.23321199999999997
2020-03-06,0.0,0.0,0.0,0.0,0.0,-0.0924940000000003
2020-03-17,0.0,0.0,0.0,0.0,0.0,-0.3002499999999997
2020-03-24,0.0,0.0,0.0,0.0,0.0,-1.0584700000000002
2020-03-25,0.0,0.0,0.0,0.0,0.0,-0.46420099999999964
2020-03-27,0.0,0.0,0.0,0.0,0.0,-0.8006350000000002
2020-03-30,0.0,0.0,0.0,0.0,0.0,-0.06658800000000031
2020-03-31,0.0,0.0,0.0,0.0,0.0,-0.7225929999999998
2020-04-01,0.0,0.0,0.0,0.0,0.0,-0.5352329999999998
2020-04-02,0.0,0.0,0.0,0.0,0.0,-0.24507100000000026
2020-04-03,0.0,0.0,0.0,0.0,0.0,-0.22942899999999966
2020-04-07,0.0,0.0,0.0,0.0,0.0,-0.23577099999999973
2020-04-08,0.0,0.0,0.0,0.0,0.0,-0.30860800000000044
2020-04-09,0.0,0.0,0.0,0.0,0.0,-0.03600400000000015
2020-04-13,0.0,0.0,0.0,0.0,0.0,1.1644550000000002
2020-04-14,0.0,0.0,0.0,0.0,0.0,0.2989759999999997
2020-04-15,0.0,0.0,0.0,0.0,0.0,1.8921900000000003
2020-04-16,0.0,0.0,0.0,0.0,0.0,0.9211830000000001
2020-04-17,0.0,0.0,0.0,0.0,0.0,1.1813989999999999
2020-04-20,0.0,0.0,0.0,0.0,0.0,0.6953
2020-04-21,0.0,0.0,0.0,0.0,0.0,0.26405100000000004
2020-04-23,0.0,0.0,0.0,0.0,0.0,0.8006949999999999
2020-04-27,0.0,0.0,0.0,0.0,0.0,0.048966
2020-05-06,0.0,0.0,0.0,0.0,0.0,0.142322
2020-05-29,0.0,0.0,0.0,0.0,0.0,0.12717499999999998
2020-06-02,0.0,0.0,0.0,0.0,0.0,0.23852600000000002
2020-06-16,0.0,0.0,0.0,0.0,0.0,0.018044999999999978
2020-06-19,0.0,0.0,0.0,0.0,0.0,-0.011646999999999963
2020-07-13,0.0,0.0,0.0,0.0,0.0,0.20075500000000002
2020-07-28,0.0,0.0,0.0,0.0,0.0,0.06853999999999993
2020-08-04,0.0,0.0,0.0,0.0,0.0,0.010906000000000082
2020-08-10,0.0,0.0,0.0,0.0,0.0,-0.13162400000000007
2020-08-18,0.0,0.0,0.0,0.0,0.0,-0.013823999999999947
2020-08-20,0.0,0.0,0.0,0.0,0.0,0.28953700000000004
2020-08-21,0.0,0.0,0.0,0.0,0.0,0.001742999999999828
2020-08-24,0.0,0.0,0.0,0.0,0.0,0.14711800000000008
2020-08-27,0.0,0.0,0.0,0.0,0.0,0.05132700000000012
2020-08-31,0.0,0.0,0.0,0.0,0.0,0.31536299999999984
2020-09-01,0.0,0.0,0.0,0.0,0.0,-0.00044800000000000395
2020-09-02,0.0,0.0,0.0,0.0,0.0,0.010913000000000173
2020-09-04,0.0,0.0,0.0,0.0,0.0,0.015779999999999905
2020-09-11,0.0,0.0,0.0,0.0,0.0,0.14864199999999994
2020-09-16,0.0,0.0,0.0,0.0,0.0,0.11767400000000006
2020-09-22,0.0,0.0,0.0,0.0,0.0,-0.15098900000000004
2020-09-25,0.0,0.0,0.0,0.0,0.0,-0.21152799999999994
2020-09-30,0.0,0.0,0.0,0.0,0.0,-0.189087
2020-10-05,0.0,0.0,0.0,0.0,0.0,-0.557829
2020-10-07,0.0,0.0,0.0,0.0,0.0,0.15297000000000005
2020-11-10,0.0,0.0,0.0,0.0,0.0,-0.11776500000000001
2020-11-27,0.0,0.0,0.0,0.0,0.0,0.07521800000000001
2020-12-01,0.0,0.0,0.0,0.0,0.0,0.187902
2020-12-04,0.0,0.0,0.0,0.0,0.0,-0.12661600000000006
2020-12-09,0.0,0.0,0.0,0.0,0.0,-0.10135400000000006
2020-12-10,0.0,0.0,0.0,0.0,0.0,-0.034161999999999915
2020-12-17,0.0,0.0,0.0,0.0,0.0,0.43524699999999994
2020-12-18,0.0,0.0,0.0,0.0,0.0,0.37816000000000005
2021-01-15,0.0,0.0,0.0,0.0,0.0,-0.05578700000000003
2021-01-21,0.0,0.0,0.0,0.0,0.0,0.165813
2021-02-05,0.0,0.0,0.0,0.0,0.0,0.027411000000000074
2021-02-19,0.0,0.0,0.0,0.0,0.0,0.06102799999999986
2021-02-26,0.0,0.0,0.0,0.0,0.0,0.02747900000000003
2021-03-05,0.0,0.0,0.0,0.0,0.0,-0.031450999999999896
2021-03-26,0.0,0.0,0.0,0.0,0.0,-0.13935200000000014
2021-04-01,0.0,0.0,0.0,0.0,0.0,-0.00015499999999990521
2021-04-08,0.0,0.0,0.0,0.0,0.0,-0.010059999999999958
2021-05-11,0.0,0.0,0.0,0.0,0.0,-0.10935600000000001
2021-05-28,0.0,0.0,0.0,0.0,0.0,-0.05236700000000005
2021-06-11,0.0,0.0,0.0,0.0,0.0,0.026839999999999975
2021-08-04,0.0,0.0,0.0,0.0,0.0,-0.13733499999999998
2021-08-23,0.0,0.0,0.0,0.0,0.0,-0.067415
2021-08-26,0.0,0.0,0.0,0.0,0.0,0.034658999999999995
2021-08-27,0.0,0.0,0.0,0.0,0.0,0.03207899999999997
2021-08-30,0.0,0.0,0.0,0.0,0.0,-0.021757000000000026
2021-09-02,0.0,0.0,0.0,0.0,0.0,-0.1305759999999998
2021-09-20,0.0,0.0,0.0,0.0,0.0,0.016420999999999797
2021-09-21,0.0,0.0,0.0,0.0,0.0,-0.029342999999999897
2021-09-22,0.0,0.0,0.0,0.0,0.0,-0.0507740000000001
2021-10-21,0.0,0.0,0.0,0.0,0.0,-0.053874999999999895
2021-10-27,0.0,0.0,0.0,0.0,0.0,0.09578599999999993
2021-11-02,0.0,0.0,0.0,0.0,0.0,-0.04432899999999984
2021-11-23,0.0,0.0,0.0,0.0,0.0,0.032127999999999934
2021-11-24,0.0,0.0,0.0,0.0,0.0,0.27192400000000005
2021-11-26,0.0,0.0,0.0,0.0,0.0,-0.10744799999999999
2021-12-01,0.0,0.0,0.0,0.0,0.0,-0.14398600000000017
2021-12-06,0.0,0.0,0.0,0.0,0.0,-0.042081000000000035
2021-12-08,0.0,0.0,0.0,0.0,0.0,-0.08276499999999998
2021-12-09,0.0,0.0,0.0,0.0,0.0,-0.06924799999999998
2021-12-20,0.0,0.0,0.0,0.0,0.0,-0.17489299999999997
2021-12-30,0.0,0.0,0.0,0.0,0.0,-0.004780999999999924
2022-02-02,0.0,0.0,0.0,0.0,0.0,-0.2951450000000001
2022-02-04,0.0,0.0,0.0,0.0,0.0,-0.15030299999999996
2022-02-08,0.0,-0.219231,0.0,0.0,0.0,-0.21923099999999998
2022-02-09,0.0,0.1375,0.0,0.0,0.0,0.13749999999999998
2022-02-14,0.0,0.0,0.0,0.0,0.0,-0.082152
2022-02-16,0.0,0.0,0.0,0.0,0.0,-0.06015899999999999
2022-02-22,0.0,0.0,0.0,0.0,0.0,-0.197572
2022-02-23,0.0,0.0,0.0,0.0,0.0,-0.09507199999999999
2022-02-28,0.0,0.0,0.0,0.0,0.0,-0.00015100000000001224
2022-03-01,0.0,0.0,0.0,0.0,0.0,-0.09186
2022-03-04,0.0,0.0,0.0,0.0,0.0,-0.15874
2022-03-07,0.0,0.0,0.0,0.0,0.0,-0.321545
2022-03-08,0.0,0.0,0.0,0.0,0.0,-0.18718
2022-03-09,0.0,0.0,0.0,0.0,0.0,-0.16742499999999993
2022-03-11,0.0,0.0,0.0,0.0,-0.224854,0.0
2022-03-14,0.0,0.0,0.0,0.0,-0.319299,0.0
2022-03-15,0.0,0.0,0.0,0.0,0.0,-0.08401700000000001
2022-03-17,0.0,0.0,0.0,0.0,0.0,-0.11525800000000008
2022-03-25,0.0,0.25518799999999997,0.0,0.0,0.0,0.24143500000000007
2022-03-29,0.0,0.151738,0.138525,0.0,0.0,0.15173800000000004
2022-03-31,0.0,0.16276599999999997,0.16276599999999997,0.0,0.0,0.16276599999999997
2022-04-06,0.0,0.19852100000000006,0.0,0.0,0.0,0.19852099999999995
2022-04-07,0.0,0.0,0.0,0.0,-0.08159899999999998,0.0
2022-04-08,0.0,0.0,0.0,0.0,0.0,0.0020580000000000043
2022-04-12,0.0,-0.07396500000000006,0.0,0.0,0.0,-0.07396499999999995
2022-04-14,0.0,-0.5135259999999999,0.0,0.0,0.0,-0.584358
2022-04-19,0.0,-0.272832,-0.63029,0.0,0.0,-0.27283199999999996
2022-04-20,0.0,0.0,0.0,0.0,-0.41041399999999995,0.0
2022-04-21,0.0,0.0,0.0,0.0,-0.516089,0.0
2022-04-22,0.0,-0.347619,0.0,0.0,-0.5173669999999999,-0.3476190000000001
2022-04-25,-0.399359,0.0,0.0,0.0,-0.5276560000000003,-0.34300200000000003
2022-04-26,0.0,0.0,0.0,0.0,-0.6774009999999997,0.0
2022-04-27,0.0,0.0,0.0,0.0,-0.6563780000000001,0.0
2022-04-28,0.0,0.0,0.0,0.0,-0.15200600000000009,0.0
2022-04-29,0.0,0.0,0.0,0.0,-0.1482140000000003,0.0
2022-05-06,0.0,-0.263636,0.0,0.0,0.0,-0.263636
2022-05-18,0.0,-0.005128000000000021,0.0,0.0,0.0,-0.005128000000000021
2022-05-19,0.0,0.0,0.0,0.0,0.0,-0.09555399999999992
2022-05-20,0.0,0.17567600000000005,0.0,0.0,0.0,0.15476100000000015
2022-05-24,0.0,-0.218831,0.0,0.0,0.0,-0.21883100000000022
2022-05-25,0.0,0.0,0.0,0.0,0.0,-0.5284599999999999
2022-05-26,0.0,0.0,0.0,0.0,0.0,-0.21804200000000007
2022-05-27,0.0,0.0,0.0,0.0,0.0,-0.49074799999999996
2022-05-31,0.0,0.0,0.0,0.0,0.0,-0.1963729999999999
2022-06-02,0.0,0.06291199999999997,0.0,0.0,0.0,0.06291199999999986
2022-06-03,0.0,0.18152199999999996,0.0,0.0,0.0,0.20072299999999998
2022-06-06,0.0,0.0,0.0,0.0,0.0,-0.25838499999999964
2022-06-08,0.0,0.831793,0.0,0.0,0.0,0.8360409999999998
2022-06-09,0.0,1.021865,0.0,0.0,0.0,1.021865
2022-06-10,0.0,0.0,0.0,0.0,0.0,-0.11395899999999992
2022-06-14,0.0,-0.19984699999999989,0.0,0.0,0.0,-0.1998470000000001
2022-06-15,0.0,-0.7587380000000001,0.0,0.0,0.0,-0.7587380000000001
2022-06-23,0.0,0.0,0.0,0.0,0.3992600000000004,0.0
2022-06-24,0.0,0.0,0.0,0.0,0.2967390000000001,0.06328700000000032
2022-06-27,0.0,0.0,0.0,0.0,-0.05760399999999999,0.0
2022-06-28,0.0,0.38652800000000004,0.0,0.0,0.06300999999999979,0.38652799999999976
2022-06-29,0.0,0.48900699999999986,0.0,0.0,-0.08953299999999986,0.48900699999999997
2022-06-30,0.0,0.0,0.0,0.0,-0.04268099999999997,0.0
2022-07-01,0.0,0.23093600000000003,0.0,0.0,-0.03721500000000022,0.23093600000000025
2022-07-05,0.0,0.0,0.0,0.0,-0.103043,0.0
2022-07-06,0.0,0.45318500000000017,0.453185,0.0,-0.08795200000000003,0.4531849999999997
2022-07-07,0.0,-0.16906500000000002,-0.16906500000000002,0.0,0.0,-0.1690649999999998
2022-07-08,0.0,0.0,0.0,0.0,-0.25366399999999967,0.0
2022-07-11,0.0,0.0,0.0,0.0,-0.24868999999999986,0.0
2022-07-14,0.0,0.0,0.0,0.0,0.0,-0.1029380000000002
2022-07-15,0.0,0.5457979999999998,0.0,0.0,0.0,0.545798
2022-07-18,0.0,0.0,0.0,0.0,0.4256099999999998,0.0
2022-07-19,0.0,0.0,0.0,0.0,0.5107010000000001,0.05888000000000004
2022-07-20,0.0,0.591926,0.44442,0.0,0.0,0.5919260000000001
2022-07-22,0.0,0.0,0.0,0.0,0.1416839999999997,0.0
2022-07-25,0.0,0.46933700000000034,0.0,0.0,0.0,0.469337
2022-07-26,0.0,0.490202,0.6607899999999999,0.0,0.17058799999999996,0.353719
2022-07-27,0.0,0.0,0.0,0.0,0.015530000000000044,0.0
2022-07-28,0.0,0.0,0.0,0.0,0.000496000000000052,0.0
2022-07-29,0.0,0.0,0.0,0.0,-0.008525000000000116,0.0
2022-08-01,-0.03912099999999996,0.0,0.0,0.0,-0.03912099999999974,0.0
2022-08-02,-0.04280600000000001,0.0,0.0,0.0,-0.04280600000000012,0.0
2022-08-03,0.024999999999999967,-0.050000000000000266,0.0,0.0,0.02499999999999991,-0.04999999999999999
2022-08-04,0.0,0.0,0.0,0.0,-0.045763,0.0
2022-08-05,-0.054854000000000014,0.0,0.0,0.0,-0.18124299999999982,0.0
2022-08-08,0.0,0.0,0.0,0.0,-0.3302209999999999,0.0
2022-08-12,-0.042126,0.0,0.0,0.0,0.0,0.0
2022-08-15,-0.18334399999999995,0.0,0.0,0.0,-0.08164600000000011,0.0
2022-08-16,0.0,0.0,0.0,0.0,1.0222609999999999,0.0
2022-08-17,-0.176087,0.6994910000000001,0.0,0.0,0.0,0.699491
2022-08-18,-0.315082,0.45431000000000044,0.45431,0.0,0.0,0.45431
2022-08-19,-0.34802500000000003,0.0,0.32973600000000003,0.0,0.0,0.0
2022-08-22,-0.363653,0.0,0.0,0.0,0.0,-0.08674599999999999
2022-08-24,-0.32889899999999983,0.0,0.0,0.0,0.0,0.0
2022-08-25,-0.3477940000000004,0.0,0.0,0.0,0.21090199999999992,-0.03062699999999996
2022-08-26,-0.37181799999999976,0.8356179999999993,0.2873270000000001,0.0,-0.37181799999999976,0.7922130000000001
2022-08-29,0.0,0.0,0.24538599999999988,0.0,0.24538599999999988,-0.08823599999999998
2022-08-30,0.0,0.0,0.0,0.0,-0.2818670000000001,0.0
2022-08-31,-0.47131100000000004,-0.44851699999999983,0.0,0.0,-0.44851699999999983,-0.44851700000000005
2022-09-01,0.0,0.0,0.0,0.0,-0.06628900000000026,0.0
2022-09-02,-0.5125950000000001,0.0,0.0,0.0,-0.040308999999999706,0.0
2022-09-06,-0.5790859999999998,-0.5790860000000002,0.0,0.0,-0.6426940000000001,-0.579086
2022-09-07,0.0,0.1327240000000005,0.0,0.0,-0.04678200000000032,-0.14652300000000007
2022-09-08,0.0,0.09420099999999998,0.0,0.0,-0.14190900000000006,0.09420100000000009
2022-09-09,0.0,-0.11434800000000056,-0.14260899999999976,0.0,-0.3728809999999996,-0.114348
2022-09-12,0.0,-0.4292409999999993,0.0,0.0,0.0,-0.42924100000000004
2022-09-13,0.0,-0.21121500000000015,0.0,0.0,0.0,-0.21121499999999999
2022-09-15,0.0,0.0,0.0,0.0,-0.6343610000000002,0.0
2022-09-20,0.0,0.0,0.0,0.0,-0.1873680000000002,0.0
2022-09-21,0.0,-0.6500000000000004,-0.6500000000000001,0.0,-0.23279599999999956,-0.65
2022-09-22,0.0,-0.7286219999999997,0.0,0.0,-0.29552400000000034,-0.728622
2022-09-27,0.0,0.0,0.0,0.0,0.0,-0.9366410000000001
2022-09-28,0.0,-0.56,0.0,0.0,0.0,-0.56
2022-09-29,0.0,-0.444175,0.0,0.0,0.0,-0.444175
2022-10-03,0.0,0.0,0.0,0.0,0.0,-0.15224599999999988
2022-10-12,0.0,-0.12950300000000015,0.0,0.0,0.0,-1.527848
2022-10-14,0.0,-0.18285200000000001,0.0,0.0,0.0,-0.18285199999999957
2022-10-17,0.0,-0.19801099999999994,0.0,0.0,0.0,-0.19801100000000016
2022-11-02,0.0,0.0,0.0,0.0,0.0,-0.04098900000000061
2022-11-07,0.0,0.21923099999999995,0.21923099999999995,0.0,0.0,0.17143500000000067
2022-11-11,0.0,0.42561000000000004,0.0,0.0,0.0,0.4256099999999998
2022-11-14,0.0,2.4198519999999997,0.0,0.0,0.0,2.419852
2022-11-15,0.0,0.0,0.0,0.0,0.0,0.029354999999999798
2022-11-16,0.0,0.1596000000000002,2.722443,0.0,2.722443,0.1596000000000002
2022-11-17,0.0,1.8318899999999996,1.8318899999999996,0.0,0.0,1.8318899999999998
2022-11-18,1.008511,1.0085110000000004,1.0085110000000004,0.0,0.0,1.008511
2022-11-21,0.8447369999999998,0.8447369999999994,0.8447369999999994,0.0,0.0,0.844737
2022-11-22,1.0251450000000002,0.0,0.0,0.0,0.0,0.0
2022-11-23,0.9556819999999999,0.0,0.0,0.0,0.0,0.0
2022-11-25,0.95,0.0,0.0,0.0,0.0,-0.19525799999999993
2022-11-28,1.1375,0.0,0.0,0.0,1.1375000000000002,-0.14261900000000005
2022-11-29,1.2323530000000003,-0.42640999999999973,0.0,0.0,1.3794909999999998,-0.7262390000000001
2022-11-30,1.606805,0.0,0.0,0.0,1.915226,0.21771100000000004
2022-12-01,1.1785709999999998,0.0,0.0,0.0,0.0,-0.06332800000000005
2022-12-02,1.371569,0.0,0.0,0.0,0.0,-0.02818100000000001
2022-12-05,1.0208329999999997,0.0,0.0,0.0,0.0,0.0
2022-12-06,1.2022520000000005,0.0,0.0,0.0,0.0,0.0
2022-12-07,1.408716,0.0,0.0,0.0,0.0,0.0
2022-12-08,1.5101849999999999,0.02897400000000072,0.0,0.0,0.0,0.028974000000000055
2022-12-09,2.086841999999999,0.0,0.009432000000000329,-0.444231,0.0,0.0
2022-12-12,1.5706900000000008,-0.08962600000000087,-0.04266499999999951,-0.38940400000000003,1.57069,-0.472806
2022-12-13,1.3804349999999985,0.044340000000000046,0.044340000000000046,0.0,0.0,0.044340000000000004
2022-12-14,1.2286890000000028,1.0597349999999999,0.0,0.0,0.0,1.059735
2022-12-15,0.8519609999999993,-0.04036299999999926,0.0,0.0,0.0,-0.04036299999999993
2022-12-16,0.7655080000000005,0.0,0.0,0.0,0.0,0.0
2022-12-19,0.6494539999999986,0.0,0.0,0.0,0.0,0.0
2022-12-20,0.0,-0.11307700000000054,0.0,0.0,-0.06999999999999984,-0.1130770000000001
2022-12-22,0.0,0.0,0.0,0.0,-0.03461500000000006,0.0
2022-12-23,0.0,0.0,0.0,0.0,-0.44008499999999984,0.0
2022-12-28,1.2357140000000015,0.0,0.0,0.0,0.0,0.0
2022-12-29,1.3288659999999979,0.0,0.0,0.0,1.3288659999999997,0.0
2022-12-30,1.0101340000000008,1.0101340000000008,0.0,0.0,0.0,0.34860800000000003
2023-01-03,0.9585469999999994,0.0,0.0,0.0,0.586325,0.0
2023-01-04,1.0856279999999998,-0.4146540000000005,0.0,0.0,1.0856279999999998,-0.41465399999999997
2023-01-05,0.0,-0.26739099999999993,-0.26739099999999993,0.0,1.0727360000000008,-0.26739100000000005
2023-01-06,0.7379999999999995,0.08257799999999982,0.0,0.0,0.7379999999999995,0.08257800000000004
2023-01-09,0.6291040000000017,0.0,0.0,0.0,0.6291039999999999,0.0
2023-01-10,0.6950269999999996,0.0,0.0,0.0,0.6950269999999996,0.0
2023-01-11,0.5305369999999989,0.0,0.0,0.0,0.5305370000000007,0.0
2023-01-12,0.6981199999999994,0.0,0.0,0.0,0.0,0.0
2023-01-13,0.6637750000000011,0.0,0.0,0.0,0.0,0.0
2023-01-17,0.4967630000000014,0.4967629999999996,0.0,0.0,0.0,0.49676300000000007
2023-01-18,0.0,0.0,0.0,0.0,0.0,-0.002435000000000187
2023-01-19,0.0,0.0,0.5332109999999997,0.0,0.0,0.0
2023-01-24,0.27413800000000066,0.27413800000000066,0.27413800000000066,0.0,0.0,0.2741380000000002
2023-01-25,0.1844089999999987,0.0,0.0,0.0,0.0,0.0
2023-01-26,0.20264399999999938,0.0,0.0,0.0,0.0,0.0
2023-01-27,0.0,0.0,0.0,0.0,0.0,0.580614
2023-01-30,0.3825000000000003,0.0,0.0,0.0,0.0,0.0
2023-01-31,0.2501080000000009,0.0,0.0,0.0,0.0,0.0
2023-02-01,0.0,0.0,0.0,0.0,0.25270300000000034,0.0
2023-02-02,0.0,0.0,0.0,0.0,0.22127699999999884,0.6916280000000001
2023-02-03,0.11682499999999862,0.0,0.0,0.0,0.1168250000000004,0.07767399999999958
2023-02-06,0.0,0.7273359999999993,0.0,0.0,0.13767800000000108,0.7273360000000002
2023-02-07,0.0,0.5185340000000007,0.5185339999999989,0.0,0.0,0.5185339999999998
2023-02-08,0.0,0.2536050000000003,0.0,0.0,0.0,0.2536050000000003
2023-02-10,0.0,-0.16717700000000058,0.0,0.0,0.0,-0.1671769999999997
2023-02-13,0.0,0.0,0.0,0.0,-0.12180400000000091,0.0
2023-02-14,0.0,0.0,0.0,0.0,-0.1616319999999991,0.0
2023-02-15,0.0,0.0,0.0,0.0,0.08943999999999974,0.0
2023-02-16,0.0,0.0,0.0,0.0,0.1878789999999988,0.0
2023-02-17,0.0,0.0,0.0,0.0,0.20673200000000058,0.0
2023-02-21,0.0,-0.03403800000000068,0.0,0.0,-0.16156100000000073,-0.14759600000000006
2023-02-22,0.0,0.005635000000001611,0.005634999999999835,0.0,-0.20661099999999877,-0.04332000000000047
2023-02-23,0.0,-0.09675300000000142,0.0,0.0,-0.5200589999999998,-0.09675300000000009
2023-02-28,0.0,0.0,0.0,0.0,-0.4048500000000015,0.10632400000000031
2023-03-02,0.0,0.0,0.0,0.0,-0.17303299999999844,0.0
2023-03-03,0.0,0.0,0.0,0.0,-0.11902599999999985,-0.086862
2023-03-06,0.0,0.02458999999999989,0.0,0.0,-0.17777800000000088,-0.5201790000000002
2023-03-07,0.0,0.0,0.0,0.0,-0.14774400000000032,-0.14517399999999991
2023-03-08,0.0,0.0,0.0,0.0,-0.21385499999999968,0.0
2023-03-09,0.0,0.0,0.0,0.0,0.0,-0.10695900000000025
2023-03-10,0.0,0.0,0.0,0.0,0.0,-0.1379539999999997
2023-03-13,0.0,0.0,0.0,0.0,0.0,-0.09104800000000024
2023-03-20,0.0,0.0,0.0,-0.483364,0.0,0.0
2023-03-21,0.0,0.0,0.0,-0.48435300000000003,0.0,0.0
2023-03-22,0.0,0.0,0.0,-0.535345,0.0,-0.13321799999999984
2023-03-24,0.0,0.0,0.0,-0.5459550000000002,0.0,0.0816349999999999
2023-03-31,0.0,-0.03368699999999869,0.0,-0.5751969999999997,0.0,-0.03368700000000002
2023-04-03,0.0,0.0,0.0,-0.6740559999999998,0.0,0.0
2023-04-04,0.0,0.0,0.0,-0.08837500000000009,0.0,0.0
2023-04-05,0.0,0.0,0.0,-0.7346520000000005,0.0,0.0
2023-04-06,0.0,0.0,0.0,-0.2766909999999996,0.0,0.0
2023-04-10,0.0,0.0,0.0,-0.2133750000000001,0.0,-0.07575599999999971
2023-04-11,0.0,0.08143600000000006,0.0,-0.10350600000000032,0.0,0.03676999999999975
2023-04-12,0.0,0.0,0.0,-0.09181799999999996,0.0,-0.03899000000000008
2023-04-13,0.0,0.0,0.0,-0.09036699999999964,0.0,0.0
2023-04-14,0.0,0.0,0.0,-0.08124999999999982,0.0,0.0
2023-04-17,0.0,0.0,0.0,-0.11363600000000051,0.0,-0.12405
2023-04-18,0.0,0.0,0.0,-0.1687379999999994,0.0,-0.012338999999999878
2023-04-20,0.0,-0.30400700000000036,0.0,-0.27623,0.0,-0.3040069999999999
2023-04-21,0.0,0.0,0.0,0.0,0.0,-0.019956000000000085
2023-04-24,0.0,0.0,0.0,-0.306489,0.0,0.0
2023-04-25,0.0,0.0,0.0,-0.40180100000000074,0.0,0.0
2023-05-01,0.0,0.18671499999999952,0.0,0.0,0.0,0.18671499999999996
2023-05-02,0.0,0.09446400000000033,0.0,0.0,-0.21969999999999956,0.09446399999999988
2023-05-08,0.0,0.0,0.0,0.0,0.19113500000000005,0.0
2023-05-10,0.0,-0.01686199999999971,-0.01686199999999971,0.0,0.0,-0.01686199999999971
2023-05-22,-0.019880000000000564,0.0,0.0,0.0,0.0,0.0
2023-05-25,0.0,0.06971799999999995,0.0,0.0,0.0,0.12314800000000004
2023-05-26,0.0,0.0,0.0,0.0,0.0,0.09212299999999995
2023-05-30,0.0,-0.09202499999999958,0.0,0.0,0.0,-0.09202500000000002
2023-05-31,0.0,0.14012799999999892,0.0,0.0,0.0,0.1401279999999998
2023-06-02,0.0,-0.17102399999999918,-0.17102399999999918,0.0,0.0,0.222985
2023-06-06,0.0,0.0,0.0,0.0,0.0,-0.01750600000000002
2023-06-08,0.0,0.0,0.0,0.0,0.04510499999999951,0.0
2023-06-09,0.0,0.0,0.0,0.0,-0.1361650000000001,0.0
2023-06-12,0.0,0.0,0.0,0.0,-0.05904599999999949,0.010650000000000048
2023-06-13,0.0,-0.01614800000000116,-0.01614800000000116,0.0,0.14298199999999994,-0.01614799999999983
2023-06-14,0.0,0.0,0.0,0.0,0.057142999999999944,0.0
2023-06-15,0.0,0.1091930000000012,0.0,0.0,0.0,0.10919299999999987
2023-06-20,0.0,0.0,0.0,0.0,0.1819929999999994,0.0
2023-06-21,0.0,0.08725499999999897,0.0,0.0,0.1546000000000003,0.08725499999999986
2023-06-22,0.0,0.0,0.0,0.0,0.037199000000000204,0.0
2023-06-23,-0.17756799999999728,-0.17756799999999906,-0.17756799999999906,0.0,-0.18747399999999992,-0.17756799999999995
2023-06-26,0.0,-0.12530899999999967,0.0,0.0,-0.17125099999999982,-0.12530899999999967
2023-06-27,0.0,0.0,0.0,0.0,-0.15830800000000078,-0.08017900000000022
2023-06-28,-0.22171700000000172,0.0,0.0,0.0,0.0,0.0
2023-06-29,0.0,0.0,-0.2513570000000005,0.0,0.0,0.0
2023-07-03,0.0,0.09935099999999863,0.09935100000000041,0.0,0.0,0.09935099999999997
2023-07-05,0.0,0.0,0.0,0.0,0.0,-0.032271999999999856
2023-07-07,0.0,0.0,0.0,0.0,0.0,-0.04864600000000019
2023-07-11,0.0,0.0,0.0,0.0,-0.10984999999999978,0.0
2023-07-12,0.0,0.0,0.0,5.231915000000001,-0.2070419999999995,0.0
2023-07-13,0.0,0.0,0.0,6.061111,-0.09105700000000017,0.0
2023-07-14,0.0,-0.39290499999999895,0.0,6.013584,0.08811599999999942,-0.39290499999999984
2023-07-17,0.0,-0.341743000000001,0.0,6.046590999999999,0.06567699999999999,-0.34174300000000013
2023-07-18,0.0,0.0,0.0,6.716667000000001,0.0,0.0
2023-07-19,0.0,-0.07749999999999879,-0.07750000000000057,7.375,0.0,-0.07750000000000012
2023-07-20,0.0,0.0,0.0,7.073528999999997,0.0,0.0
2023-07-21,0.0,0.0,0.0,6.926331000000005,0.0,0.0
2023-07-24,0.0,0.0,0.0,5.116667,0.0,0.0
2023-07-25,0.0,-0.11248100000000072,-0.35656900000000036,4.959803999999998,0.0,-0.11248099999999983
2023-07-26,0.0,0.0,0.0,4.0,0.0,0.0
2023-07-27,0.0,0.0,0.0,4.283332999999999,0.0,0.0
2023-07-28,0.0,0.0,0.0,4.812384999999999,0.0,0.0
2023-07-31,0.0,0.0,0.0,5.255555999999999,0.0,0.0
2023-08-01,0.0,0.0,0.0,5.597368000000003,0.0,0.0
2023-08-02,0.0,0.0,0.0,5.112561999999997,0.0,0.0
2023-08-03,0.0,0.0,0.0,4.3500000000000085,0.0,0.0
2023-08-04,0.0,0.0,0.0,2.900819999999996,0.0,0.0
2023-08-07,0.0,0.0,0.0,2.2469190000000054,0.0,0.0
2023-08-08,0.0,-0.15406100000000045,0.0,2.238769999999988,0.0,-0.154061
2023-08-09,0.0,0.0,0.0,2.4117490000000004,0.0,0.0
2023-08-14,0.0,-0.09969199999999923,-0.09969199999999923,0.0,0.0,-0.09969199999999989
2023-08-16,0.0,0.0,0.0,0.0,0.0,-0.15873700000000013
2023-08-17,0.0,0.0,0.0,2.5014290000000017,0.0,0.0
2023-08-18,0.0,0.0,0.0,2.2180409999999995,0.0,0.0
2023-08-21,0.0,0.0,0.0,1.985635000000002,0.0,0.0
2023-08-22,0.0,0.0,0.0,1.9735040000000055,-0.21916399999999925,0.0
2023-08-23,0.0,0.0,0.0,1.7718619999999987,-0.20651500000000045,0.0
2023-08-24,0.0,0.0,0.0,0.0,-0.2617989999999999,-0.14875400000000005
2023-08-25,0.0,0.0,0.0,1.661999999999992,0.0,0.0
2023-08-28,0.0,0.0,0.0,1.6850750000000119,0.0,0.0
2023-08-29,0.0,0.0,0.0,1.6118439999999907,0.0,0.0
2023-08-30,0.0,0.0,0.0,1.3493289999999973,0.0,0.0
2023-08-31,0.0,0.0,0.0,1.6642860000000042,0.0,-0.08319599999999983
2023-09-01,0.0,0.0,0.0,1.3793380000000042,0.0,0.0
2023-09-05,0.0,0.0,0.0,0.9140289999999993,0.0,-0.07411400000000001
2023-09-07,0.0,0.10410599999999981,0.0,0.0,0.0,0.10410600000000003
2023-09-08,0.0,0.00540499999999966,0.00540499999999966,0.0,0.0,0.005404999999999882
2023-09-12,0.0,0.0,0.0,0.8442529999999948,0.0,0.0
2023-09-13,0.0,0.0,0.0,0.5919350000000065,0.0,0.0
2023-09-14,0.0,0.0,0.0,0.7126319999999993,0.0,0.0
2023-09-18,0.0,-0.09465699999999977,0.0,1.3125,0.0,-0.09465699999999999
2023-09-19,0.0,0.0,0.0,0.8243229999999926,0.0,0.0
2023-09-20,0.0,0.0,0.0,0.0,0.0,-0.15066599999999997
2023-09-22,0.0,0.0,0.0,0.4504739999999998,0.0,0.0
2023-09-25,0.0,0.0,0.0,0.39549800000000346,0.0,0.0
2023-09-28,0.0,-0.09267999999999965,-0.09267999999999965,0.0,0.0,-0.0926800000000001
2023-10-02,0.0,0.0,-0.016066000000000358,0.0,-0.31938699999999987,0.0
2023-10-04,0.0,0.0,0.0,0.0,-0.41315599999999986,0.0
2023-10-05,0.0,0.0,0.0,0.0,-0.5932060000000003,0.0
2023-10-09,0.0,0.0,0.0,0.0,-0.30283199999999955,0.0
2023-10-16,0.0,-0.7238240000000005,-0.305682,0.0,0.0,-0.7238239999999999
2023-10-17,0.0,-0.27645500000000034,0.0,0.0,0.0,-0.276455
2023-11-01,0.0,-0.19110399999999927,0.0,0.0,0.0,-0.191104
2023-11-03,0.0,-0.4270910000000008,0.0,0.0,0.0,-0.42709100000000005
2023-11-22,0.0,0.30213,0.0,0.0,0.0,0.30213000000000007
2023-11-24,0.0,0.0,0.0,0.0,0.0,0.254946
2023-11-27,0.0,0.0,0.0,0.0,0.0,0.11074200000000001
2023-11-28,0.0,0.0,0.0,0.0,0.0,0.10100999999999999
2023-11-29,0.0,-0.09614799999999946,0.0,0.0,0.0,-0.096148
2023-11-30,0.0,-0.11609200000000008,0.0,0.0,0.0,-0.116092
2023-12-01,0.0,0.0,0.0,0.0,0.0,0.073565
2023-12-05,0.0,0.0,0.0,0.0,0.42529400000000006,0.008426000000000003
2023-12-06,0.0,0.0,0.0,0.0,0.42453699999999994,0.0
2023-12-07,0.0,-0.03465500000000077,0.0,0.0,0.0,-0.034655000000000005
2023-12-11,0.0,0.1539620000000017,0.0,0.0,0.0,0.153962
2023-12-14,0.0,0.465406999999999,0.0,0.0,0.0,0.524076
2023-12-15,0.0,-0.046969999999999956,-0.046969999999999956,0.0,0.0,-0.046969999999999956
2023-12-18,0.0,-0.18576999999999977,0.0,0.0,0.0,-0.18577000000000005
2023-12-19,0.0,0.48740199999999945,0.0,0.0,0.0,0.48740199999999995
2023-12-20,0.2454950000000018,0.24549500000000002,0.2454950000000009,0.0,0.0,0.24549500000000002
2023-12-28,0.0,0.713336,0.0,0.0,0.0,0.713336
2023-12-29,0.0,0.0,0.0,0.0,0.4014989999999994,0.0
2024-01-02,0.0,0.35253200000000007,0.0,-0.35170800000000213,0.0,0.35253200000000007
2024-01-03,0.21677299999999988,0.0,0.0,0.0,0.21677299999999988,0.000532000000000199
2024-01-04,0.18042200000000008,0.0,0.0,0.0,0.18042200000000008,0.0
2024-01-09,0.4276789999999977,0.0,0.0,-0.32509999999999195,0.42767900000000036,0.09209099999999992
2024-01-12,0.3602959999999982,0.0,0.0,0.0,0.0,0.0
2024-01-16,0.125,0.125,0.0,0.0,0.12819100000000017,0.059644999999999726
2024-01-17,-0.005843999999996186,-0.8383179999999992,-0.36041600000000074,0.0,0.0,-0.9328619999999999
2024-01-18,-0.03074500000000313,-0.43129799999999996,-0.4051640000000001,0.0,-0.05340599999999984,-0.43129799999999996
2024-01-19,-0.058917000000000996,0.0,0.0,0.0,-0.09745900000000063,0.0
2024-01-22,0.0,0.0,0.0,0.0,-0.15554600000000018,0.0
2024-01-23,0.0,-0.24748700000000134,0.0,0.0,0.0,-0.247487
2024-01-29,0.0,0.07855200000000018,0.0,0.0,-0.07525699999999969,0.07855199999999996
2024-01-30,0.0,-0.14479799999999976,0.0,0.0,-0.14799700000000016,-0.14479799999999998
2024-02-02,0.0,-0.39767499999999956,0.0,0.0,0.0,-0.397675
2024-02-06,0.0,0.0,0.0,0.0,-0.07476400000000005,0.0
2024-02-07,0.0,0.0,0.0,0.0,-0.19814799999999977,0.0
2024-02-08,0.0,-0.15180299999999924,0.0,0.0,0.0,-0.151803
2024-02-09,0.0,0.0,0.0,-0.057568000000003394,0.0,0.0
2024-02-14,0.0,0.0,0.0,0.018461999999999534,0.0,0.07574
2024-02-15,0.0,0.0,0.0,0.06990999999999303,0.0,0.0
2024-02-20,0.0,0.0,0.0,0.0,0.0,-0.09901599999999999
2024-02-26,0.0,0.0,0.0,0.0,0.0,0.041825
2024-02-29,0.0,0.0809899999999999,0.0,0.0,0.0,0.08099
2024-03-01,0.0,0.0,0.0,0.0,0.0,-0.05871500000000002
2024-03-05,0.0,0.0,0.0,0.0,0.0,-0.05449100000000001
2024-03-12,0.0,0.0,0.0,0.0,0.5513070000000004,0.0
2024-03-13,0.0,0.0,0.0,0.0,0.13666599999999995,0.0
2024-03-14,0.0,0.0,0.0,0.0,0.0,-0.015794999999999976
2024-03-19,0.0,0.1007409999999993,0.10074100000000019,0.0,0.0,0.100741
2024-03-20,0.0,0.0,0.15962500000000013,0.0,0.0,0.0
2024-03-21,-0.11690799999999513,-0.11690800000000046,-0.11690800000000046,0.0,0.0,-0.11690800000000001
2024-03-22,-0.09936700000000087,0.0,-0.09936699999999998,0.0,0.0,0.088401
2024-03-25,-0.11879000000000417,0.0,0.0,0.0,0.0,0.0
2024-03-26,-0.20162499999999994,0.0,0.0,0.0,0.0,0.0
2024-03-27,-0.23663599999999718,0.0,0.0,0.0,0.0,0.0
2024-03-28,-0.16411399999999787,0.0,0.019286000000000136,0.0,-0.16411400000000054,0.0
2024-04-01,-0.15566000000000102,0.0,0.0,0.0,-0.15566000000000013,-0.09773300000000001
2024-04-02,-0.22194000000000003,0.0,0.0,0.0,-0.22194000000000003,0.0
2024-04-03,-0.24008300000000204,0.0,0.0,0.0,-0.24008299999999938,0.0
2024-04-04,-0.22475700000000032,0.0,0.0,0.0,-0.22475700000000032,0.0
2024-04-05,-0.25738099999999875,0.0,0.0,0.0,0.0,0.0
2024-04-08,-0.2679949999999991,0.0,0.0,0.0,0.0,0.0
2024-04-09,-0.2025640000000024,0.0,0.0,0.0,0.0,0.0
2024-04-10,-0.21198099999999798,0.0,0.0,0.0,0.0,0.0
2024-04-11,-0.1486389999999993,0.0,0.0,0.0,0.0,0.0
2024-04-12,0.0,0.44487200000000016,0.0,0.0,0.0,0.444872
2024-04-15,0.0,0.23708099999999988,0.23708099999999988,0.0,0.0,0.237081
2024-04-16,0.0,0.38669300000000106,0.0,0.0,0.0,0.38669300000000006
2024-04-17,0.0,0.0,0.0,0.0,0.0,0.0027489999999998904
2024-04-19,0.0,0.0,0.0,0.0,0.0,-0.11687599999999998
2024-04-24,0.0,-0.06147400000000047,0.0,0.0,0.0,-0.06147400000000003
2024-05-09,0.0,-0.04067200000000071,0.0,0.0,0.0,-0.062264999999999904
2024-05-10,-0.23066599999999937,-0.23066599999999937,-0.23066600000000026,0.0,0.0,-0.23066600000000004
2024-05-13,0.0,-0.14090900000000062,0.0,0.0,0.0,-0.14090899999999995
2024-05-20,0.0,0.0,0.0,0.0,0.0,0.193832
2024-05-23,0.0,0.0,0.0,0.0,0.0,0.02160899999999999
2024-05-24,0.0,0.0,0.0,0.0,0.0,0.03346499999999997
2024-05-28,0.0,-0.07557100000000005,0.0,0.0,0.0,-0.09969099999999997
2024-05-29,0.0,0.0,0.0,0.0,0.0,-0.142038
2024-05-31,0.0,-0.18940399999999968,0.0,0.0,0.0,-0.08254499999999998
2024-06-04,0.0,0.0,0.0,0.0,0.0,0.009820999999999969
2024-06-10,0.0,-0.07262799999999991,0.0,0.0,0.0,-0.07262799999999997
2024-06-11,0.0,-0.2545249999999992,0.0,0.0,0.0,-0.254525
2024-06-24,0.0,-0.18771500000000074,-0.18771499999999985,0.0,0.0,-0.187715
2024-06-25,0.0,0.0,0.0,0.0,0.0,0.16475199999999998
2024-07-02,0.0,0.0,0.0,0.0,-0.36122099999999957,0.0
2024-07-03,0.0,0.0,0.0,0.0,-0.3330730000000006,0.0
2024-07-05,0.0,0.0,0.0,0.0,-0.3420350000000001,0.0
2024-07-08,0.0,-0.09235299999999924,0.0,0.0,-0.3521579999999993,-0.09235299999999999
2024-07-09,0.0,0.0,0.022235000000000227,0.0,0.0,0.0
2024-07-12,0.0,0.0,0.0,0.0,0.0,0.062913
2024-07-15,0.0,0.0,0.0,0.0,0.12226599999999976,0.050108000000000014
2024-07-17,0.0,-0.3401410000000009,0.0,0.0,0.0,-0.340141
2024-07-22,0.0,0.6903939999999995,0.0,0.0,0.0,0.690394
2024-07-23,0.0,-0.07202599999999926,0.0,0.0,0.0,-0.07202599999999998
2024-07-30,0.0,0.0,0.0680120000000004,0.0,0.0,0.0
2024-08-01,0.0,0.0,0.0,0.0,0.0,-0.11226799999999998
2024-08-07,0.0,-0.12789500000000054,0.0,0.0,0.0,-0.12789499999999998
2024-08-08,0.0,-0.14721299999999893,-0.1472130000000007,0.0,0.0,-0.14721300000000004
2024-08-09,0.0,0.0,0.0,0.726577000000006,0.0,-0.294336
2024-08-12,0.0,-0.459975,0.0,0.0,0.0,-0.45997499999999997
2024-08-14,0.0,-0.33743500000000015,0.0,0.6913789999999977,0.0,-0.46726200000000007
2024-08-15,0.0,-0.3322120000000002,-0.3322119999999993,0.0,0.0,-0.41009799999999985
2024-08-16,0.0,-0.28182300000000016,0.0,0.8476660000000038,0.0,-0.28182300000000016
2024-08-20,0.0,0.0,0.0,0.7852369999999951,0.0,0.0
2024-08-21,0.0,0.0,0.0,0.8397760000000005,0.0,0.0
2024-08-22,0.0,0.0,0.0,0.7075300000000055,0.0,-0.12639699999999987
2024-08-23,0.0,0.0,0.0,0.0,-0.23033700000000046,0.0
2024-08-27,0.0,0.0,0.0,0.6360119999999938,0.0,0.0
2024-08-28,0.0,0.0,0.0,0.0,0.0,0.16093199999999985
2024-08-29,0.0,0.0,0.0,0.7740000000000009,0.0,-0.045128999999999975
2024-08-30,0.0,0.0,0.0,0.7581120000000112,0.0,-0.037495999999999974
2024-09-03,0.0,0.0,0.0,0.44722199999998224,0.0,-0.025687999999999933
2024-09-04,0.0,0.0,0.0,0.3214290000000233,0.0,-0.03938799999999998
2024-09-05,0.0,0.0,0.0,0.29274699999999143,0.0,0.0
2024-09-06,0.0,0.0,0.0,0.21369400000000383,0.0,0.0
2024-09-09,0.0,0.03433300000000017,0.0,0.0,0.0,0.03433299999999995
2024-09-10,0.0,-0.2471829999999997,-0.11795100000000058,0.0,0.0,-0.24718299999999993
2024-09-12,0.0,0.0,0.0,0.0570589999999811,0.0,0.0
2024-09-13,0.0,0.36955199999999966,0.36955200000000055,0.0,0.0,0.3695519999999999
2024-09-20,0.0,-0.2411260000000004,0.0,0.0,-0.18778499999999987,-0.24112599999999995
2024-09-23,0.0,0.0,0.0,0.0,-0.21880899999999937,0.0
2024-09-24,0.0,0.279204,0.0,0.0,-0.25780300000000045,0.22988300000000006
2024-09-25,0.0,0.18003200000000064,0.0,0.0,0.0,0.18003199999999997
2024-09-27,0.0,0.0,0.0,0.0,-0.3078400000000001,0.0
2024-09-30,0.0,0.0,0.0,0.0,-0.23652799999999985,0.0
2024-10-01,0.0,0.0,0.0,0.0,-0.22730499999999987,0.0
2024-10-02,0.0,0.0,0.0,0.0,0.0,0.02323300000000006
2024-10-09,0.5281989999999972,0.5281989999999999,0.0,0.0,0.0,0.5281989999999999
2024-10-10,0.37043800000000005,0.3098320000000001,0.0,0.0,0.0,0.309832
2024-10-11,0.45744000000000185,0.0,0.0,0.0,0.0,0.0
2024-10-17,0.0,0.0,0.0,0.0,0.39689700000000006,0.0
2024-10-18,0.0,0.0,0.0,0.0,0.51776,0.0
2024-10-21,0.0,0.0,-0.09641400000000022,0.0,0.0,0.0
2024-10-25,0.0,0.0,0.0,0.0,0.5295869999999998,0.0
2024-11-04,0.02752800000000022,0.0,0.0,0.0,0.0,0.0
2024-11-05,0.05141799999999819,0.0,0.0,-0.10872799999998506,0.051417999999999964,0.0
2024-11-06,0.013918000000000319,0.0,0.0,-0.31883700000000204,0.013918000000000319,0.0
2024-11-07,0.02507500000000107,0.0,0.0,-0.34936700000000087,0.025074999999999292,0.0
2024-11-08,0.0,-0.24570999999999987,-0.24570999999999987,-0.37420399999999177,0.0,-0.24570999999999998
2024-11-11,0.0,-0.2661150000000001,-0.2661150000000001,-0.41702800000001616,0.14249800000000068,-0.2661149999999999
2024-11-12,0.0,0.0,0.0,-0.4923959999999852,0.0,0.0
2024-11-13,0.0,0.0,0.0,-0.5064560000000142,0.07376199999999944,0.0
2024-11-14,0.0,0.0,0.0,-0.5078619999999887,-0.0023809999999997444,0.0
2024-11-15,0.0,0.0,0.0,-0.559851000000009,-0.06525300000000023,0.0
2024-11-18,-0.05636900000000011,0.0,0.0,-0.5517710000000022,-0.05636900000000011,0.0
2024-11-19,0.0,0.0,0.0,-0.5548539999999917,-0.0642479999999992,0.0
2024-11-20,-0.15500000000000114,0.0,0.0,-0.5731400000000093,-0.5114620000000007,0.0
2024-11-21,-0.2182770000000005,0.0,0.0,-0.5554349999999886,-0.2182769999999996,0.0
2024-11-22,-0.25064199999999914,0.0,0.0,-0.4980770000000092,-0.25064200000000003,0.3035009999999999
2024-11-25,-0.28461499999999873,0.0,0.0,-0.4281790000000001,-0.28461500000000006,0.0
2024-11-26,-0.3298230000000011,0.0,0.0,-0.4255099999999885,-0.32982299999999976,0.0
2024-11-27,-0.2805320000000009,0.0,0.0,0.0,0.0,0.0
2024-11-29,0.0,-0.025510000000000588,0.0,0.0,0.0,-0.23394400000000004
2024-12-02,0.0,0.0,0.0,0.0,0.0,0.010612999999999984
2024-12-03,0.0,-0.03924699999999959,0.0,0.0,0.0,-0.010885999999999951
2024-12-04,0.0,-0.21844899999999967,0.0,0.0,0.0,-0.21844900000000012
2024-12-06,0.0,-0.09384500000000084,0.0,0.0,0.0,0.1639560000000002
2024-12-09,0.0,-0.2451219999999994,0.0,0.0,0.0,-0.24512200000000006
2024-12-10,0.0,0.0,0.0,0.0,0.0,0.198334
2024-12-11,0.0,0.0,0.0,0.0,0.0,0.16362900000000002
2024-12-16,0.0,-0.36413600000000024,0.0,0.0,0.0,-0.364136
2024-12-17,0.0,-0.15230999999999995,0.0,0.0,0.0,-0.15231000000000017
2024-12-18,0.0,-0.21544100000000022,0.0,0.0,0.0,-0.215441
2024-12-20,0.0,0.026577000000000517,0.0,0.0,0.0,0.026577000000000073
2024-12-23,0.0,0.23191499999999987,0.0,0.0,0.0,0.34298399999999996
2024-12-26,0.0,0.013829999999999565,0.0,0.5358209999999985,0.0,0.013830000000000009
2024-12-27,0.0,0.0,0.0,0.24952499999999134,0.0,0.0
2024-12-30,0.0,-0.31384399999999957,0.0,0.3393650000000008,0.0,-0.313844
2024-12-31,0.0,-0.4796480000000001,-0.4796480000000001,0.0,0.0,-0.47964799999999985
2025-01-02,0.0,-0.5064219999999997,-0.5064219999999997,0.0,0.0,-0.5064220000000001
2025-01-03,0.0,-0.3713300000000004,0.0,0.0,0.0,-0.37132999999999994
2025-01-13,0.0,0.0,0.0,0.0,0.0,-0.01846099999999984
2025-01-14,0.0,0.0,0.0,0.0,0.0,-0.07937600000000034
2025-01-17,0.0,-0.19657500000000017,-0.19657500000000017,0.0,0.0,-0.19657499999999972
2025-01-21,0.0,0.0,-0.13275900000000007,0.0,0.0,0.0
2025-01-22,0.0,0.0,0.0,0.0,0.0,-0.05105599999999999
2025-01-24,0.0,0.5737670000000001,0.3992420000000001,0.0,0.0,0.5737669999999997
2025-01-31,0.0,0.0,0.0,0.0,-0.3827440000000002,0.0
2025-02-05,0.0,0.0,0.0,0.0,-0.399794,0.0
2025-02-06,0.0,0.0,0.0,0.0,-0.398161,0.0
2025-02-07,0.0,-0.07960800000000035,-0.07960800000000035,0.0,-0.44944300000000004,-0.0796079999999999
2025-02-11,0.0,-0.22757000000000005,0.0,0.0,0.0,-0.22757000000000005
2025-02-12,0.0,-0.42706,0.0,0.0,0.0,-0.42706
2025-02-13,0.0,-0.17872999999999983,0.0,0.0,0.0,-0.17872999999999983
2025-02-14,0.0,-0.22027899999999967,0.0,0.0,-0.15084000000000009,-0.22027899999999967
2025-02-18,0.0,0.0,0.0,0.0,-0.3067779999999999,0.0
2025-02-26,0.0,0.0,0.0,0.0,0.0,0.009277999999999231
2025-02-27,0.0,0.0,0.0,0.0,0.0,-0.1185319999999992
2025-03-03,0.0,0.0,0.0,0.0,0.0,-0.11385700000000032
2025-03-07,0.0,0.0,0.0,0.0,0.0,-0.295763
2025-03-11,0.0,0.0,0.0,0.0,0.0,-0.19209000000000032
2025-03-19,0.0,-0.3083330000000002,0.0,0.0,0.0,-0.3083330000000002
2025-03-24,0.0,0.0,0.0,0.0,0.0,-0.09269999999999978
2025-03-28,0.0,-0.3634919999999999,0.0,0.0,0.0,-0.5007159999999997
2025-03-31,0.0,-0.1260460000000001,-0.4496139999999995,0.0,0.0,-0.12604599999999966
2025-04-01,0.0,0.0,0.0,0.0,0.0,-0.17697200000000013
2025-04-07,0.0,-0.8135909999999997,0.0,0.0,0.0,-0.8135910000000006
2025-04-08,0.0,0.0,0.0,0.0,0.0,-0.6775719999999996
2025-04-23,0.0,0.0,0.0,0.0,0.0,-0.1493209999999996
2025-04-24,0.0,0.16399699999999973,0.0,0.0,0.0,0.16399699999999928
2025-05-02,0.0,0.0,0.0,0.0,0.0,-0.008376999999999413
2025-05-05,0.0,0.0,0.0,0.0,0.0,0.028810999999999254
2025-05-06,0.0,0.0,0.0,0.0,0.0,0.6344630000000002
2025-05-07,0.0,0.0,0.0,0.0,0.0,0.031506000000000256
2025-05-08,0.0,0.7358220000000002,0.0,0.0,0.0,0.9438129999999996
2025-05-09,0.0,-0.31768300000000016,-0.06631700000000063,0.0,0.0,-0.4557469999999997
2025-05-12,0.0,0.0,0.0,0.0,0.0,0.24708500000000022
2025-05-15,0.0,0.0,0.0,0.0,0.5191279999999999,0.0
2025-05-16,0.0,0.0,0.0,0.0,0.5696810000000001,0.0
2025-05-19,0.0,0.0,0.0,0.0,0.6123209999999999,0.0
2025-05-20,0.0,0.0,0.0,0.0,0.5249389999999998,0.0
2025-05-21,0.0,0.0,0.0,0.0,0.3911760000000002,0.0
2025-05-22,0.0,0.0,0.0,0.0,0.3985210000000001,0.0
2025-05-23,0.0,0.0,0.0,0.0,0.3202879999999997,0.0
2025-05-27,0.0,0.0,0.0,0.0,0.3148350000000004,0.0
2025-05-28,0.0,0.0,0.0,0.0,0.2937500000000002,0.0
2025-05-29,0.0,0.0,0.0,0.0,0.500864,0.0
2025-05-30,0.0,0.0,0.0,0.8773300000000006,0.2775299999999996,0.0
2025-06-02,0.2660620000000016,0.0,0.0,0.8040150000000068,0.2660619999999998,0.035966000000000165
2025-06-03,0.0,0.0,0.0,0.8473209999999938,0.3092750000000004,0.0
2025-06-05,0.12620799999999832,-0.3458700000000001,0.1262080000000001,0.8126060000000024,0.0,-0.34587000000000057
2025-06-06,0.15415199999999984,0.1541520000000003,0.15415199999999984,0.8806519999999978,0.0,0.2514630000000002
2025-06-09,0.1619930000000025,0.095078,0.16199300000000072,0.0,0.0,0.095078
2025-06-10,0.2308989999999973,0.32714299999999996,0.0,0.0,0.0,0.3271430000000004
2025-06-11,0.20632400000000217,0.20350400000000013,0.08596499999999985,0.0,0.0,0.15163999999999955
2025-06-12,0.2277300000000011,-0.14806300000000006,-0.1480630000000005,0.0,0.2277300000000002,-0.1480629999999996
2025-06-13,0.20301199999999753,0.0,0.0,0.0,0.2030119999999993,0.0
2025-06-16,0.17668899999999965,-0.1636359999999999,-0.16363599999999945,0.0,0.0,-0.16363600000000034
2025-06-17,0.0936780000000006,-0.12035200000000001,-0.12035200000000046,0.0,0.0936780000000006,-0.12035199999999957
2025-06-18,0.015098000000001832,0.0,0.0,0.0,0.015098000000000056,0.0
2025-06-20,0.006161999999999779,0.0,0.0,0.0,0.0,0.0
2025-06-24,0.0,0.0,0.0,0.0,-0.027273000000000103,0.0
2025-06-25,0.0,0.0,0.0,0.0,-0.044318000000000524,0.0
2025-06-26,0.0,0.2565329999999997,0.0,0.45449400000001106,-0.0557799999999995,0.25653299999999923
2025-06-27,0.0,0.0,0.0,0.31532199999998056,-0.19516100000000058,0.0
2025-06-30,0.0,0.0,0.0,0.22010300000002303,-0.2489529999999993,0.0
2025-07-01,0.0,0.0,0.0,0.1291789999999935,0.0,0.0
2025-07-03,0.0,0.0,0.0,0.09511399999999526,0.0,0.0
2025-07-07,0.0,0.22645099999999996,0.22645099999999996,0.0,0.0,0.22645099999999996
2025-07-08,0.0,0.0,0.0,0.0,0.0,-0.0039519999999999555
2025-07-09,-0.3431730000000002,0.0,0.0,0.0,0.0,0.0
2025-07-11,0.0,0.0,0.0,-0.024521999999990385,0.0,0.0
2025-07-14,0.0,-0.04415199999999997,0.0,-0.03842400000002044,0.0,-0.044151999999999525
2025-07-15,0.0,0.0,0.0,-0.09833299999999667,0.11959099999999978,0.0
2025-07-16,0.0,0.0,0.0,-0.15386499999999614,0.0,0.0
2025-07-17,0.0,0.0,0.0,-0.1631619999999998,0.0,0.21916699999999967
2025-07-18,0.0,0.0,0.0,-0.2146150000000091,0.0,0.0
2025-07-21,0.0,0.0,0.0,-0.2421939999999836,0.0,0.0
2025-07-22,0.0,0.0,0.0,-0.19726299999999242,0.0,0.0
2025-07-23,0.0,-0.35481300000000005,-0.35481300000000005,0.0,0.0,-0.35481300000000005
2025-07-24,0.0,-0.0036319999999996355,0.0,0.0,0.0,-0.0036319999999996355
2025-07-28,0.0,0.5830769999999998,0.0,0.0,0.0,0.5830770000000003
2025-07-29,0.0,-0.1828669999999999,0.0,0.0,0.0,-0.18286700000000078
2025-07-30,0.0,0.0831059999999999,0.0,0.0,0.0,0.08310600000000079
2025-07-31,0.0,0.06673099999999987,0.0,0.0,0.0,0.06673099999999987
2025-08-01,0.0,0.0,0.05789500000000025,0.0,0.0,0.0
2025-08-06,0.0,0.4682979999999999,0.0,0.0,0.0,0.4682979999999999
2025-08-07,0.0,0.2553220000000005,0.0,0.0,0.0,0.2553219999999996
2025-08-13,0.0,0.0,0.0,0.0,-0.24137499999999967,0.0
2025-08-14,0.0,0.053603999999999985,0.0,0.0,0.0,0.053603999999999985
2025-08-19,0.0,-0.038281000000000454,0.0,0.0,0.0,-0.038280999999999565
2025-08-20,-0.26846199999999953,-0.4450949999999998,-0.44509500000000024,0.0,0.0,-0.44509500000000024
2025-08-21,-0.4259040000000027,-0.3135110000000001,-0.3135110000000001,0.0,0.0,-0.3135110000000001
2025-08-22,-0.26712500000000006,-0.26712500000000006,0.0,0.0,0.0,-0.26712500000000006
2025-08-25,-0.23327999999999705,0.0,0.0,0.0,0.0,0.0
2025-08-26,-0.222881000000001,0.0,0.0,0.0,0.0,0.0
2025-08-27,-0.24112600000000128,0.0,0.0,0.0,0.0,0.0
2025-08-29,0.0,0.0,0.0,0.0,0.0,-0.19516899999999993
2025-09-02,0.0,0.0,0.0,0.0,-0.2528990000000002,-0.0006870000000001042
2025-09-03,-0.2660279999999986,0.0,0.0,0.0,0.0,0.0
2025-09-04,-0.24047600000000102,0.0,0.0,0.0,0.0,0.0
2025-09-05,0.0,0.0,0.0,0.0,0.0,0.07398600000000055
2025-09-08,0.0,0.3684320000000003,0.0,0.0,0.0,0.3684319999999994
2025-09-09,0.0,0.4218709999999999,0.0,0.0,0.0,0.39367200000000047
2025-09-12,0.0,0.06445800000000013,0.0,0.0,0.0,0.06445800000000013
2025-09-16,0.0,-0.02647099999999991,-0.02647099999999991,0.0,0.0,-0.02647099999999991
2025-09-17,0.0,-0.12692300000000012,-0.12692299999999967,0.0,0.0,-0.12692300000000056
2025-09-18,0.0,-0.18899600000000039,0.0,0.0,0.0,-0.1889959999999995
2025-09-22,0.0,0.0,0.0,0.0,-0.22132400000000008,0.0
2025-09-23,0.0,0.0,0.0,0.0,-0.19609200000000016,-0.012709000000000081
2025-09-24,0.0,0.2656820000000004,0.265682,0.0,-0.4427719999999997,0.265682
2025-09-25,0.0,0.0,0.13581299999999974,0.0,0.0,0.0
2025-09-29,0.0,0.057748999999999384,0.0,0.0,-0.14220599999999983,0.057748999999999384
2025-10-01,0.0,0.0,-0.2904629999999999,0.0,0.0,0.0
2025-10-02,0.0,0.0,0.0,0.0,0.0,0.01516099999999998
2025-10-06,0.0,0.0,0.0,-0.1433330000000126,-0.020980000000000665,0.0
2025-10-07,0.0,0.0,0.0,0.0,-0.011110999999999649,0.0
2025-10-14,0.0,0.0,0.0,0.0,0.45785300000000007,0.0
2025-10-15,0.0,0.0,0.0,0.0,0.35975599999999996,0.0
2025-10-16,0.0,0.0,0.0,0.0,0.3617650000000001,0.0
2025-10-17,0.0,0.0,0.0,0.0,0.24545499999999976,0.0
2025-10-20,0.0,0.07019200000000048,0.29581999999999997,0.0,0.23181799999999964,0.08837900000000065
2025-10-21,0.0,0.0,0.0,0.0,-0.24618099999999998,-0.023875000000000313
2025-10-22,0.0,0.0,0.0,0.0,-0.3607149999999999,0.0
2025-10-23,0.0,0.0,0.0,0.0,-0.36542799999999964,0.0
2025-11-04,0.0,-0.11249999999999982,0.0,0.0,0.0,0.06498000000000026
2025-11-06,0.0,0.0,0.0,0.0,0.0,-0.040915000000000035
2025-11-07,0.0,-0.16538500000000012,-0.16538499999999967,0.0,0.0,-0.16538500000000056
2025-11-10,0.0,-0.04586800000000002,0.0,0.0,0.0,-0.06183799999999984
2025-11-13,0.0,-0.30656000000000017,0.0,0.0,0.0,-0.30656000000000017
2025-11-14,0.0,-0.11514299999999977,0.0,0.0,0.0,-0.11514299999999977
2025-11-18,0.0,-0.22772300000000012,-0.22772300000000012,0.0,0.0,-0.2578939999999994
2025-11-28,0.0,0.18383100000000008,0.0,0.0,0.0,0.18383099999999963
2025-12-01,0.0,0.0,0.0,0.0,0.0,-0.0884109999999998
2025-12-02,0.0,-0.3738640000000002,-0.3738640000000002,0.0,0.0,-0.4639920000000002
2025-12-05,0.0,-0.177778,0.0,0.0,0.0,-0.177778
2025-12-08,0.0,-0.14420499999999992,-0.04999999999999982,0.0,0.0,-0.14420500000000036
2025-12-11,0.0,-0.21417900000000012,0.0,0.0,0.0,-0.21417899999999968
2025-12-12,0.0,0.0,0.0,0.0,0.0,-0.23583200000000026
2025-12-17,0.0,0.09729499999999991,0.0,0.0,0.0,0.09729499999999991
2025-12-18,0.0,0.0,0.0,0.0,-0.025000000000000355,0.0
2025-12-19,0.0,0.0,0.0,0.0,0.028261000000000536,0.0
2025-12-22,0.0,0.0,0.0,0.0,0.0,0.0561430000000005
2025-12-23,0.0,0.0,0.0,0.0,0.0,0.017977999999999383
2025-12-24,0.0,0.0,0.0,0.0,0.0,-0.06409399999999987
2026-02-20,0.0,0.0,0.0,0.0,0.0,-0.24875899999999973
2026-03-02,0.0,0.0,0.0,0.0,0.0,-0.2954119999999998
2026-03-06,0.0,0.0,0.0,0.0,0.0,-0.08876300000000015
2026-03-09,0.0,0.0,0.0,0.0,0.0,-0.10132999999999992
2026-03-10,0.0,0.0,0.0,0.0,0.0,-0.03093400000000024
2026-03-25,0.0,0.0,0.0,0.0,0.0,-0.0199309999999997
2026-04-27,0.0,0.0,0.0,0.0,0.0,0.18939799999999973
2026-04-30,0.0,0.0,0.0,0.0,0.0,0.01953000000000049
2026-05-07,0.0,0.0,0.0,0.0,0.0,-0.04283200000000065
2026-05-08,0.0,0.0,0.0,0.0,0.0,0.11687400000000014
